cargo_cru;cargo_canonico;familia;nivel;administrativo;registros;n_secretarias
AUTONOMOS - PROF. EVENTUAL;AUTONOMOS - PROF. EVENTUAL;Temporário;Temporário;sim;2747;1
PEB I;PEB I;Docência;Operacional;nao;2166;1
AUX. DE EDUCACAO;AUX. DE EDUCACAO;Apoio;Operacional;nao;1701;1
TECNICO DE ENFERMAGEM;TECNICO DE ENFERMAGEM;Saúde;Operacional;nao;656;2
PEB I CLT;PEB I CLT;Docência;Operacional;nao;564;1
TEC.DE CONTROLE ADMINISTRATIVO;TEC.DE CONTROLE ADMINISTRATIVO;Administrativo;Operacional;nao;506;24
ESTAGIARIO NIVEL SUPERIOR;ESTAGIARIO NIVEL SUPERIOR;Temporário;Temporário;sim;489;20
AUX. DE ADMINISTRACAO;AUX. DE ADMINISTRACAO;Administrativo;Operacional;nao;445;22
GCM-2A CLASSE;GCM-2A CLASSE;Segurança;Operacional;nao;337;2
MEDICO 75H;MEDICO 75H;Saúde;Técnico;nao;283;2
ENFERMEIRO;ENFERMEIRO;Saúde;Técnico;nao;270;2
CHEFE DE SECAO;CHEFE DE SECAO;Liderança;Liderança;sim;259;27
INSPETOR DE ALUNOS;INSPETOR DE ALUNOS;Apoio;Operacional;nao;240;1
AGENTE COMUNITARIO DE SAUDE;AGENTE COMUNITARIO DE SAUDE;Saúde;Operacional;nao;150;1
SECRETARIO DE ESCOLA;SECRETARIO DE ESCOLA;Liderança;Liderança;nao;148;1
DIRETOR DE ESCOLA;DIRETOR DE ESCOLA;Liderança;Liderança;nao;148;1
MOTORISTA;MOTORISTA;Apoio;Operacional;nao;141;11
ASSESSOR DE GABINETE;ASSESSOR DE GABINETE;Liderança;Liderança;sim;124;23
MEDICO I 100H;MEDICO I 100H;Saúde;Técnico;nao;122;2
CHEFE DE DIVISAO;CHEFE DE DIVISAO;Liderança;Liderança;sim;118;26
ORIENT. PED.;ORIENT. PED.;Docência;Operacional;nao;118;1
GCM-1A CLASSE;GCM-1A CLASSE;Segurança;Operacional;nao;115;2
PEBII ED.FISICA;PEBII ED.FISICA;Docência;Operacional;nao;91;1
CIRURGIAO DENTISTA 75H;CIRURGIAO DENTISTA 75H;Saúde;Técnico;nao;80;1
AUXILIAR EM SAUDE BUCAL;AUXILIAR EM SAUDE BUCAL;Saúde;Operacional;nao;80;1
ASSIST.SOCIAL I;ASSIST.SOCIAL I;Saúde;Operacional;nao;79;5
AGENTE DE VIG.SANITARIA I;AGENTE DE VIG.SANITARIA I;Saúde;Operacional;nao;73;2
AUX. DE ENFERMAGEM;AUX. DE ENFERMAGEM;Saúde;Operacional;nao;72;2
AGENTE DE COMBATE AS ENDEMIAS;AGENTE DE COMBATE AS ENDEMIAS;Saúde;Operacional;nao;67;1
TELEFONISTA ATENDENTE;TELEFONISTA ATENDENTE;Apoio;Operacional;nao;61;2
ENG.CIVIL I;ENG.CIVIL I;Infraestrutura;Técnico;nao;59;9
PSICOLOGO I;PSICOLOGO I;Saúde;Técnico;nao;56;5
ASSISTENTE DE SECRETARIA E EXPEDIENTE (FG);ASSISTENTE DE SECRETARIA E EXPEDIENTE (FG);Liderança;Operacional;sim;50;17
ORIENTADOR PEDAG DESIGNADO;ORIENTADOR PEDAG DESIGNADO;Administrativo;Redistribuído;nao;47;1
VICE DIRETOR;VICE DIRETOR;Liderança;Liderança;nao;46;1
FISCAL PUBLICO;FISCAL PUBLICO;Fiscalização;Operacional;nao;45;2
ESTAGIARIO NIVEL MEDIO;ESTAGIARIO NIVEL MEDIO;Temporário;Temporário;sim;44;12
GCM-CLASSE ESPECIAL;GCM-CLASSE ESPECIAL;Segurança;Operacional;nao;40;1
COORDENADOR DE UNIDADE SAUDE;COORDENADOR DE UNIDADE SAUDE;Saúde;Liderança;nao;40;1
TEC.DE ESPORTES I;TEC.DE ESPORTES I;Administrativo;Operacional;nao;37;3
CONSELHEIRO TUT.CRIANCA/ADOLES;CONSELHEIRO TUT.CRIANCA/ADOLES;Saúde;Operacional;nao;36;1
AUX. ENFERM. PLANTONISTA;AUX. ENFERM. PLANTONISTA;Saúde;Operacional;nao;34;1
FISCAL DE SAUDE PUBLICA;FISCAL DE SAUDE PUBLICA;Fiscalização;Operacional;nao;33;1
INAT/PENS(AJUD.GERAL);INAT/PENS(AJUD.GERAL);Temporário;Temporário;sim;33;1
PROCURADOR;PROCURADOR;Liderança;Liderança;nao;31;2
AGENTE SOCIAL;AGENTE SOCIAL;Saúde;Operacional;nao;28;3
CIRURGIAO DENTISTA I 150H;CIRURGIAO DENTISTA I 150H;Saúde;Técnico;nao;28;1
AUDITOR FISCAL DE TRIB. MUNIC;AUDITOR FISCAL DE TRIB. MUNIC;Fiscalização;Técnico;nao;27;1
MEDICO II 150H;MEDICO II 150H;Saúde;Técnico;nao;27;1
ANALISTA DE SISTEMAS I;ANALISTA DE SISTEMAS I;TI;Técnico;nao;26;2
SECRETARIO;SECRETARIO;Administrativo;Operacional;sim;26;24
TERAPEUTA OCUPACIONAL;TERAPEUTA OCUPACIONAL;Saúde;Técnico;nao;26;5
AJUDANTE GERAL;AJUDANTE GERAL;Apoio;Operacional;nao;25;8
AUX. DE FISCALIZACAO;AUX. DE FISCALIZACAO;Administrativo;Operacional;nao;24;3
TEC.LAB.ANAL.CLIN. I;TEC.LAB.ANAL.CLIN. I;Administrativo;Operacional;nao;23;1
SUPERVISOR DE AREA DE SAUDE;SUPERVISOR DE AREA DE SAUDE;Saúde;Liderança;nao;23;1
SUPERV. ENS.;SUPERV. ENS.;Docência;Operacional;nao;23;1
AUX. DE SERVICOS OPERACIONAIS;AUX. DE SERVICOS OPERACIONAIS;Apoio;Operacional;nao;22;6
COORDENADOR ADMINISTRATIVO(FG);COORDENADOR ADMINISTRATIVO(FG);Liderança;Liderança;sim;22;17
COORD EQUIP ASSIS SOCIAL (FG);COORD EQUIP ASSIS SOCIAL (FG);Saúde;Operacional;nao;21;1
GESTOR PLANEJ E EXECUCAO(FG);GESTOR PLANEJ E EXECUCAO(FG);Liderança;Liderança;sim;20;15
ARQUITETO I;ARQUITETO I;Infraestrutura;Técnico;nao;20;6
PEB I - READAPTADO;PEB I - READAPTADO;Docência;Redistribuído;nao;20;1
GCM-CLASSE DISTINTA;GCM-CLASSE DISTINTA;Segurança;Operacional;nao;20;1
ESTAGIARIO NIVEL TECNICO;ESTAGIARIO NIVEL TECNICO;Temporário;Temporário;sim;20;13
ASSIST.DE ALMOXARIFE;ASSIST.DE ALMOXARIFE;Administrativo;Operacional;nao;19;4
VICE DIRETOR DESIGNADO;VICE DIRETOR DESIGNADO;Liderança;Redistribuído;nao;19;1
INSPETOR DE ALUNOS CLT;INSPETOR DE ALUNOS CLT;Apoio;Operacional;nao;18;1
INAT/PENS(MOTORISTA);INAT/PENS(MOTORISTA);Temporário;Temporário;sim;17;1
INAT/PENS(OPER.MAQ.PESADAS);INAT/PENS(OPER.MAQ.PESADAS);Temporário;Temporário;sim;17;1
ELETRICISTA;ELETRICISTA;Infraestrutura;Operacional;nao;15;3
FARMACEUTICO;FARMACEUTICO;Saúde;Técnico;nao;15;1
ASSIST. DE ADMIN.II;ASSIST. DE ADMIN.II;Administrativo;Operacional;nao;14;9
FISIOTERAPEUTA I;FISIOTERAPEUTA I;Saúde;Técnico;nao;14;1
AUX. DE EDUCACAO - READAPTADO;AUX. DE EDUCACAO - READAPTADO;Apoio;Redistribuído;nao;14;1
DIRETOR DE ESCOLA DESIGNADO;DIRETOR DE ESCOLA DESIGNADO;Liderança;Redistribuído;nao;14;1
AGENTE DE SERVICO CEMITERIAL;AGENTE DE SERVICO CEMITERIAL;Infraestrutura;Operacional;nao;13;1
PEBII MATEMATICA;PEBII MATEMATICA;Docência;Operacional;nao;13;1
RECEP.PRONTO ATENDIMENTO;RECEP.PRONTO ATENDIMENTO;Saúde;Operacional;nao;13;1
TECNICO AMBIENTAL;TECNICO AMBIENTAL;Infraestrutura;Operacional;nao;13;1
PEBII PORTUGUES;PEBII PORTUGUES;Docência;Operacional;nao;13;1
AG PROG HUMANIZ (FG);AG PROG HUMANIZ (FG);Administrativo;Operacional;nao;12;1
COORDENADOR DE CAMPO (FG);COORDENADOR DE CAMPO (FG);Liderança;Liderança;nao;12;1
GESTOR DE DESENV EDUCACIONAL PEDAG;GESTOR DE DESENV EDUCACIONAL PEDAG;Liderança;Liderança;nao;12;1
AG CONTRATACAO/PREGOEIRO(FG);AG CONTRATACAO/PREGOEIRO(FG);Administrativo;Operacional;nao;12;1
CHEFE DE GABINETE;CHEFE DE GABINETE;Liderança;Liderança;sim;12;12
ASSIST.DE ADMIN.I;ASSIST.DE ADMIN.I;Administrativo;Operacional;nao;11;8
COORD TEC SERV URG, EMERG, ESPEC ATENC PRIMARIA(FG);COORD TEC SERV URG, EMERG, ESPEC ATENC PRIMARIA(FG);Administrativo;Operacional;nao;11;1
NUTRICIONISTA I;NUTRICIONISTA I;Saúde;Técnico;nao;11;2
FONOAUDIOLOGO;FONOAUDIOLOGO;Saúde;Técnico;nao;10;2
COORD PLAN ESTRATEGICO;COORD PLAN ESTRATEGICO;Administrativo;Operacional;nao;10;8
INAT/PENS(MESTRE OBRAS);INAT/PENS(MESTRE OBRAS);Temporário;Temporário;sim;10;1
PEBII CIENCIAS;PEBII CIENCIAS;Docência;Operacional;nao;10;1
ASSIST UN ESPORTIVAS(FG);ASSIST UN ESPORTIVAS(FG);Administrativo;Operacional;nao;10;1
BIOLOGO I;BIOLOGO I;Saúde;Operacional;nao;9;2
TECNICO EM INFORMATICA;TECNICO EM INFORMATICA;TI;Operacional;nao;9;1
PEDREIRO;PEDREIRO;Administrativo;Operacional;nao;9;2
PINTOR;PINTOR;Infraestrutura;Operacional;nao;8;3
CONTADOR I;CONTADOR I;Administrativo;Técnico;nao;8;3
PEBII HISTORIA;PEBII HISTORIA;Docência;Operacional;nao;8;1
INAT/PENS(VIGIA);INAT/PENS(VIGIA);Temporário;Temporário;sim;8;1
ASSIST UN ATEND CIDADAO(FG);ASSIST UN ATEND CIDADAO(FG);Administrativo;Operacional;nao;8;1
ASSESSOR JURIDICO(FG);ASSESSOR JURIDICO(FG);Liderança;Liderança;sim;8;3
PEBII GEOGRAFIA;PEBII GEOGRAFIA;Docência;Operacional;nao;8;1
COORD DE DESENVOLV SOCIAL (FG);COORD DE DESENVOLV SOCIAL (FG);Administrativo;Operacional;nao;7;2
INAT/PENS(OF.CALCETEIRO);INAT/PENS(OF.CALCETEIRO);Temporário;Temporário;sim;7;1
TEC.SEGUR.TRABALHO I;TEC.SEGUR.TRABALHO I;Administrativo;Operacional;nao;7;2
ENG.ELETRICISTA I;ENG.ELETRICISTA I;Administrativo;Operacional;nao;7;2
MED VETERINARIO 150H;MED VETERINARIO 150H;Administrativo;Operacional;nao;7;2
OPER.DE UTILIDADES;OPER.DE UTILIDADES;Administrativo;Operacional;nao;6;4
INAT/PENS(OF.MANUT/CONSERVAC);INAT/PENS(OF.MANUT/CONSERVAC);Temporário;Temporário;sim;6;1
INAT/PENS(OF.ADM.II);INAT/PENS(OF.ADM.II);Temporário;Temporário;sim;6;1
SUPERV DE PROJ EVENTOS GOVERNAMENTAIS;SUPERV DE PROJ EVENTOS GOVERNAMENTAIS;Administrativo;Operacional;nao;6;1
PEB II CLT ED.FISICA;PEB II CLT ED.FISICA;Docência;Operacional;nao;6;1
OFICIAL DE ADMINISTRACAO I;OFICIAL DE ADMINISTRACAO I;Administrativo;Operacional;nao;5;4
MECANICO;MECANICO;Administrativo;Operacional;nao;5;1
ASSESSOR DE GABINETE DO PREFEITO;ASSESSOR DE GABINETE DO PREFEITO;Liderança;Liderança;sim;5;2
CORREGEDOR (FG);CORREGEDOR (FG);Administrativo;Operacional;nao;5;1
GESTOR DE DESENV ADMINISTRATIVO;GESTOR DE DESENV ADMINISTRATIVO;Liderança;Liderança;nao;5;1
PEBII ARTES;PEBII ARTES;Docência;Operacional;nao;5;1
PROCURADOR-CHEFE(FG);PROCURADOR-CHEFE(FG);Liderança;Liderança;nao;5;1
AGENTE DE FISCALIZACAO;AGENTE DE FISCALIZACAO;Administrativo;Operacional;nao;5;1
PEBII INGLES;PEBII INGLES;Docência;Operacional;nao;5;1
AJUDANTE DE MANUTENCAO VEICULO;AJUDANTE DE MANUTENCAO VEICULO;Apoio;Operacional;nao;4;2
PEB II - READAPTADO;PEB II - READAPTADO;Docência;Redistribuído;nao;4;1
INSPETOR;INSPETOR;Apoio;Operacional;nao;4;1
ENG.AGRONOMO I;ENG.AGRONOMO I;Administrativo;Operacional;nao;4;1
COORDENADOR REG DE SAUDE (FG);COORDENADOR REG DE SAUDE (FG);Liderança;Liderança;nao;4;1
INAT/PENS(OPER.MAQUINAS);INAT/PENS(OPER.MAQUINAS);Temporário;Temporário;sim;4;1
INAT/PENS(OF.OBRAS E MANUT);INAT/PENS(OF.OBRAS E MANUT);Temporário;Temporário;sim;4;1
INAT/PENS(CH.SECAO);INAT/PENS(CH.SECAO);Temporário;Temporário;sim;4;1
INAT/PENS(TEC.AGRIMENSURA II);INAT/PENS(TEC.AGRIMENSURA II);Temporário;Temporário;sim;4;1
INAT/PENS(ASSIST.ADM.II);INAT/PENS(ASSIST.ADM.II);Temporário;Temporário;sim;4;1
ASSESSOR PLANEJ SES(FG);ASSESSOR PLANEJ SES(FG);Liderança;Liderança;sim;4;1
ENG.DE SEG.TRABALHO I;ENG.DE SEG.TRABALHO I;Administrativo;Operacional;nao;4;2
GERENTE DE AUDITORIA DA SAUDE;GERENTE DE AUDITORIA DA SAUDE;Administrativo;Técnico;nao;4;1
SUPERV DE ENSINO DESIGNADO;SUPERV DE ENSINO DESIGNADO;Administrativo;Redistribuído;nao;4;1
GERENTE DE CONTROLE INTERNO (FG);GERENTE DE CONTROLE INTERNO (FG);Administrativo;Operacional;nao;4;1
GESTOR ADM DE ESTAB DE SAUDE;GESTOR ADM DE ESTAB DE SAUDE;Liderança;Liderança;nao;4;1
MED VETERINARIO 75H;MED VETERINARIO 75H;Administrativo;Operacional;nao;3;2
AGENTE INFANTIL;AGENTE INFANTIL;Administrativo;Operacional;nao;3;1
SUPERVISOR DE EQUIPE (FG);SUPERVISOR DE EQUIPE (FG);Liderança;Liderança;nao;3;1
INAT/PENS(OF.ADM.I);INAT/PENS(OF.ADM.I);Temporário;Temporário;sim;3;1
INAT/PENS(INSP.ALUNOS);INAT/PENS(INSP.ALUNOS);Temporário;Temporário;sim;3;1
INAT/PENS(OF.PEDREIRO);INAT/PENS(OF.PEDREIRO);Temporário;Temporário;sim;3;1
INAT/PENS(OF.MANUT.VEICULO);INAT/PENS(OF.MANUT.VEICULO);Temporário;Temporário;sim;3;1
BIOMEDICO I;BIOMEDICO I;Administrativo;Técnico;nao;3;1
GER PLAN E EXEC ORCAM(FG);GER PLAN E EXEC ORCAM(FG);Administrativo;Operacional;nao;3;1
BIBLIOTECARIO I;BIBLIOTECARIO I;Administrativo;Operacional;nao;3;1
COORD PROG HUMANIZACAO (FG);COORD PROG HUMANIZACAO (FG);Administrativo;Operacional;nao;3;1
TEC.RECR.E LAZER I;TEC.RECR.E LAZER I;Administrativo;Operacional;nao;3;2
ENG AMBIENTAL;ENG AMBIENTAL;Administrativo;Operacional;nao;3;2
FUNILEIRO;FUNILEIRO;Administrativo;Operacional;nao;2;1
DESENHISTA;DESENHISTA;Administrativo;Operacional;nao;2;2
LAVADOR / LUBRIFICADOR;LAVADOR / LUBRIFICADOR;Administrativo;Operacional;nao;2;1
JARDINEIRO;JARDINEIRO;Administrativo;Operacional;nao;2;2
TRATADOR DE ANIMAIS;TRATADOR DE ANIMAIS;Administrativo;Operacional;nao;2;1
ELETRICISTA DE VEICULOS;ELETRICISTA DE VEICULOS;Infraestrutura;Operacional;nao;2;1
MOT CHEFIA PODER EXECUTIVO(FG);MOT CHEFIA PODER EXECUTIVO(FG);Administrativo;Operacional;nao;2;2
AGENTE INFANTIL - READAPTADO;AGENTE INFANTIL - READAPTADO;Administrativo;Redistribuído;nao;2;1
INAT/PENS(SERVENTE);INAT/PENS(SERVENTE);Temporário;Temporário;sim;2;1
INAT/PENS(MECANICO);INAT/PENS(MECANICO);Temporário;Temporário;sim;2;1
INAT/PENS(JARDINEIRO);INAT/PENS(JARDINEIRO);Temporário;Temporário;sim;2;1
INAT/PENS(AUX.ENFERMAGEM);INAT/PENS(AUX.ENFERMAGEM);Temporário;Temporário;sim;2;1
INAT/PENS(PROCURADOR);INAT/PENS(PROCURADOR);Temporário;Temporário;sim;2;1
INAT/PENS(PROF.III NIV);INAT/PENS(PROF.III NIV);Temporário;Temporário;sim;2;1
INAT/PENS(PROF.III NIII);INAT/PENS(PROF.III NIII);Temporário;Temporário;sim;2;1
INAT/PENS(PROF.I NI);INAT/PENS(PROF.I NI);Temporário;Temporário;sim;2;1
INAT/PENS(OPER.UTILIDADES);INAT/PENS(OPER.UTILIDADES);Temporário;Temporário;sim;2;1
INAT/PENS(AG.SANITARIO);INAT/PENS(AG.SANITARIO);Temporário;Temporário;sim;2;1
INAT/PENS(AJUD.SERV.);INAT/PENS(AJUD.SERV.);Temporário;Temporário;sim;2;1
SUPERV MANUT EQUIP SES;SUPERV MANUT EQUIP SES;Administrativo;Operacional;nao;2;1
SUPERV PROJ TI (FG);SUPERV PROJ TI (FG);Administrativo;Operacional;nao;2;1
SUPERV ARRECAD DE EXEC FISCAL;SUPERV ARRECAD DE EXEC FISCAL;Administrativo;Operacional;nao;2;1
TECNOLOGO EM SAUDE;TECNOLOGO EM SAUDE;Administrativo;Operacional;nao;2;1
INAT/PENS(CH.DIVISAO);INAT/PENS(CH.DIVISAO);Temporário;Temporário;sim;2;1
OUVIDOR DA PMS(FG);OUVIDOR DA PMS(FG);Administrativo;Operacional;nao;2;1
COORD PROJ GOV (FG);COORD PROJ GOV (FG);Administrativo;Operacional;nao;2;1
MUSEOLOGO I;MUSEOLOGO I;Administrativo;Operacional;nao;2;1
TECNICO AGRICOLA;TECNICO AGRICOLA;Administrativo;Operacional;nao;2;1
COORD CONS JURIDICA(FG);COORD CONS JURIDICA(FG);Administrativo;Operacional;nao;2;1
ENG. FLORESTAL;ENG. FLORESTAL;Administrativo;Operacional;nao;2;2
BIOLOGISTA;BIOLOGISTA;Administrativo;Operacional;nao;2;1
TEC EM EVENTOS;TEC EM EVENTOS;Administrativo;Operacional;nao;2;2
TEC.DE TRAFEGO;TEC.DE TRAFEGO;Administrativo;Operacional;nao;1;1
OPER.DE MAQ.PESADAS;OPER.DE MAQ.PESADAS;Administrativo;Operacional;nao;1;1
SECRET JUNTA SERVICO MILITAR;SECRET JUNTA SERVICO MILITAR;Administrativo;Operacional;nao;1;1
FISCAL DE TRIBUTOS I;FISCAL DE TRIBUTOS I;Fiscalização;Operacional;nao;1;1
OF.FUNILEIRO;OF.FUNILEIRO;Administrativo;Operacional;nao;1;1
OF.PINTOR LETRISTA;OF.PINTOR LETRISTA;Administrativo;Operacional;nao;1;1
TORNEIRO MECANICO;TORNEIRO MECANICO;Administrativo;Operacional;nao;1;1
OF.MANUT/CONSERVACAO;OF.MANUT/CONSERVACAO;Administrativo;Operacional;nao;1;1
OF.OBRAS E MANUTENCAO;OF.OBRAS E MANUTENCAO;Administrativo;Operacional;nao;1;1
AJUDANTE DE SERVICOS;AJUDANTE DE SERVICOS;Apoio;Operacional;nao;1;1
AGENTE DE RECR. E LAZER;AGENTE DE RECR. E LAZER;Administrativo;Operacional;nao;1;1
INSPETOR COMAND.LOCAL;INSPETOR COMAND.LOCAL;Apoio;Operacional;nao;1;1
COMANDANTE-GERAL;COMANDANTE-GERAL;Administrativo;Operacional;nao;1;1
COMANDANTE OPERACIONAL;COMANDANTE OPERACIONAL;Administrativo;Operacional;nao;1;1
COORD GERAL DEF CIVIL (FG);COORD GERAL DEF CIVIL (FG);Administrativo;Operacional;nao;1;1
CORREGEDOR-ADJUNTO;CORREGEDOR-ADJUNTO;Administrativo;Operacional;nao;1;1
INAT/PENS(AUX.FISCALIZACAO);INAT/PENS(AUX.FISCALIZACAO);Temporário;Temporário;sim;1;1
INAT/PENS(AG.FISCALIZACAO);INAT/PENS(AG.FISCALIZACAO);Temporário;Temporário;sim;1;1
INAT/PENS(AUX.ADM);INAT/PENS(AUX.ADM);Temporário;Temporário;sim;1;1
INAT/PENS(FUNILEIRO);INAT/PENS(FUNILEIRO);Temporário;Temporário;sim;1;1
INAT/PENS(ZELADOR);INAT/PENS(ZELADOR);Temporário;Temporário;sim;1;1
INAT/PENS(COMPRADOR I);INAT/PENS(COMPRADOR I);Temporário;Temporário;sim;1;1
INAT/PENS(PROF.ED.INF.II NII);INAT/PENS(PROF.ED.INF.II NII);Temporário;Temporário;sim;1;1
INAT/PENS(PROF.ED.INF.II NI);INAT/PENS(PROF.ED.INF.II NI);Temporário;Temporário;sim;1;1
INAT/PENS(PROF.ED.INF.II NIII);INAT/PENS(PROF.ED.INF.II NIII);Temporário;Temporário;sim;1;1
INAT/PENS(REGENTE MATERNAL);INAT/PENS(REGENTE MATERNAL);Temporário;Temporário;sim;1;1
INAT/PENS(PROF.I NIII);INAT/PENS(PROF.I NIII);Temporário;Temporário;sim;1;1
INAT/PENS(OF.PINTOR VEICULOS);INAT/PENS(OF.PINTOR VEICULOS);Temporário;Temporário;sim;1;1
INAT/PENS(AG.ADM);INAT/PENS(AG.ADM);Temporário;Temporário;sim;1;1
MOTORISTA EXECUTIVO (FG);MOTORISTA EXECUTIVO (FG);Apoio;Operacional;nao;1;1
SUPERV PROJ HAB(FG);SUPERV PROJ HAB(FG);Administrativo;Operacional;nao;1;1
GESTOR EM SAUDE OCUPAC (FG);GESTOR EM SAUDE OCUPAC (FG);Liderança;Liderança;nao;1;1
AUDITOR GERAL DA SAUDE;AUDITOR GERAL DA SAUDE;Administrativo;Técnico;nao;1;1
OUVIDOR DA SAUDE (FG);OUVIDOR DA SAUDE (FG);Administrativo;Operacional;nao;1;1
COORD DE PLAN ORCAMENTARIO;COORD DE PLAN ORCAMENTARIO;Administrativo;Operacional;nao;1;1
SECRET DELEGACIA SERV MILITAR;SECRET DELEGACIA SERV MILITAR;Administrativo;Operacional;nao;1;1
GESTOR HUMANIZACAO (FG);GESTOR HUMANIZACAO (FG);Liderança;Liderança;nao;1;1
GERENTE DE PROJ SAUDE DIGITAL (FG);GERENTE DE PROJ SAUDE DIGITAL (FG);Administrativo;Operacional;nao;1;1
CONTROLADOR GERAL DO MUNICIPIO;CONTROLADOR GERAL DO MUNICIPIO;Administrativo;Operacional;nao;1;1
GERENTE AUDIT INT (FG);GERENTE AUDIT INT (FG);Administrativo;Operacional;nao;1;1
CORREGEDOR DA GCM (FG);CORREGEDOR DA GCM (FG);Administrativo;Operacional;nao;1;1
COORD DE PLAN SAUDE DIGITAL (FG);COORD DE PLAN SAUDE DIGITAL (FG);Administrativo;Operacional;nao;1;1
TEC.AGRIMENSURA I;TEC.AGRIMENSURA I;Administrativo;Operacional;nao;1;1
COORDENADOR DA MULHER;COORDENADOR DA MULHER;Liderança;Liderança;nao;1;1
COORD REGULACAO ELETIVA SAUDE;COORD REGULACAO ELETIVA SAUDE;Administrativo;Operacional;nao;1;1
COORDENADOR DE SAUDE MENTAL;COORDENADOR DE SAUDE MENTAL;Liderança;Liderança;nao;1;1
COORD ENFERM SAMU-REGIONAL(FG);COORD ENFERM SAMU-REGIONAL(FG);Administrativo;Operacional;nao;1;1
MOTORISTA HUMANIZACAO (FG);MOTORISTA HUMANIZACAO (FG);Apoio;Operacional;nao;1;1
COORD GERAL DE TI;COORD GERAL DE TI;Administrativo;Operacional;nao;1;1
ASSESSOR DE GAB SESU;ASSESSOR DE GAB SESU;Liderança;Liderança;sim;1;1
ENCANADOR;ENCANADOR;Administrativo;Operacional;nao;1;1
OUVIDOR DA GCM (FG);OUVIDOR DA GCM (FG);Administrativo;Operacional;nao;1;1
MEDICO VETER. ZOONOSES;MEDICO VETER. ZOONOSES;Saúde;Técnico;nao;1;1
GERENTE SOCIOAMB CADI(FG);GERENTE SOCIOAMB CADI(FG);Administrativo;Operacional;nao;1;1
AUDITOR GERAL DO MUNICIPIO;AUDITOR GERAL DO MUNICIPIO;Administrativo;Técnico;nao;1;1
DIRIGENTE DAS UNIDADES TECNICAS;DIRIGENTE DAS UNIDADES TECNICAS;Administrativo;Operacional;nao;1;1
SUPERV PROJ OBRAS SEURB(FG);SUPERV PROJ OBRAS SEURB(FG);Administrativo;Operacional;nao;1;1
COORD DE EDUC E TREIN SAUDE;COORD DE EDUC E TREIN SAUDE;Administrativo;Operacional;nao;1;1
PROCURADOR-GERAL(FG);PROCURADOR-GERAL(FG);Liderança;Liderança;nao;1;1
INAT/PENS(FISCAL SERV.II);INAT/PENS(FISCAL SERV.II);Temporário;Temporário;sim;1;1
OPER.DE MAQUINAS;OPER.DE MAQUINAS;Administrativo;Operacional;nao;1;1
CORREGEDOR GERAL DO MUNICIPIO;CORREGEDOR GERAL DO MUNICIPIO;Administrativo;Operacional;nao;1;1
INAT/PENS(CARPINTEIRO);INAT/PENS(CARPINTEIRO);Temporário;Temporário;sim;1;1
INAT/PENS(ASSIST.ADM.I);INAT/PENS(ASSIST.ADM.I);Temporário;Temporário;sim;1;1
SUPERV SEG E CTLE EVENTOS GOV (FG);SUPERV SEG E CTLE EVENTOS GOV (FG);Administrativo;Operacional;nao;1;1
COORD GERAL TRANSP E PROT DADOS;COORD GERAL TRANSP E PROT DADOS;Administrativo;Operacional;nao;1;1
PREFEITO;PREFEITO;Administrativo;Operacional;nao;1;1
VICE-PREFEITO;VICE-PREFEITO;Administrativo;Operacional;nao;1;1
GERENTE OBRAS E PROJ CADI(FG);GERENTE OBRAS E PROJ CADI(FG);Administrativo;Operacional;nao;1;1
ECONOMISTA I;ECONOMISTA I;Administrativo;Operacional;nao;1;1
COORD MEDICO SAMU-REGIONAL(FG);COORD MEDICO SAMU-REGIONAL(FG);Administrativo;Técnico;nao;1;1
TEC DE TURISMO I;TEC DE TURISMO I;Administrativo;Operacional;nao;1;1
SUPERV PROJ OBRAS SERPO(FG);SUPERV PROJ OBRAS SERPO(FG);Administrativo;Operacional;nao;1;1
COORDENADOR DA UEP;COORDENADOR DA UEP;Liderança;Liderança;nao;1;1
SUPERINTENDENTE CADI;SUPERINTENDENTE CADI;Administrativo;Operacional;nao;1;1
SUPERINTENDENTE SERT;SUPERINTENDENTE SERT;Administrativo;Operacional;nao;1;1
SUPERINTENDENTE SGC;SUPERINTENDENTE SGC;Administrativo;Operacional;nao;1;1
COORDENADOR;COORDENADOR;Liderança;Liderança;nao;1;1
SUPERINTENDENTE SERV M PROCON;SUPERINTENDENTE SERV M PROCON;Administrativo;Operacional;nao;1;1
SUPERINTENDENTE SECOM;SUPERINTENDENTE SECOM;Administrativo;Operacional;nao;1;1
SUPERINTENDENTE GPE;SUPERINTENDENTE GPE;Administrativo;Operacional;nao;1;1
ARQUEOLOGO;ARQUEOLOGO;Administrativo;Operacional;nao;1;1
ARQUIVISTA;ARQUIVISTA;Administrativo;Operacional;nao;1;1
SUPERINTENDENTE SEGOV;SUPERINTENDENTE SEGOV;Administrativo;Operacional;nao;1;1
CHEFE DE GPE (GAB PODER EXEC);CHEFE DE GPE (GAB PODER EXEC);Liderança;Liderança;nao;1;1
