ano;mes;regime_grupo;regime_subgrupo;folha_total;num_registros;num_matriculas;percentual
2022;1;Efetivos e empregados publicos (carreira);efetivos;60393496.14;12945;8427;85.94
2022;1;Efetivos em funcao de confianca (sobre vinculo de carreira);funcao_confianca;4915889.02;578;488;7.0
2022;1;Temporarios, estagiarios e eventuais;flexiveis;2822171.55;2331;2013;4.02
2022;1;Inativos e pensionistas;inativos;1094560.85;287;287;1.56
2022;1;Comissionados e agentes politicos (sem vinculo de carreira);comissionados;1048574.7799999999;87;75;1.49
2022;2;Efetivos e empregados publicos (carreira);efetivos;49583618.86;8703;8126;83.51
2022;2;Efetivos em funcao de confianca (sobre vinculo de carreira);funcao_confianca;5873807.24;693;558;9.89
2022;2;Temporarios, estagiarios e eventuais;flexiveis;1639955.37;706;671;2.76
2022;2;Comissionados e agentes politicos (sem vinculo de carreira);comissionados;1206565.65;104;88;2.03
2022;2;Inativos e pensionistas;inativos;1073968.04;286;286;1.81
2022;3;Efetivos e empregados publicos (carreira);efetivos;57279522.14;8865;8128;83.18
2022;3;Efetivos em funcao de confianca (sobre vinculo de carreira);funcao_confianca;6093179.29;663;570;8.85
2022;3;Temporarios, estagiarios e eventuais;flexiveis;3234979.61;2331;2266;4.7
2022;3;Comissionados e agentes politicos (sem vinculo de carreira);comissionados;1191034.0799999998;95;90;1.73
2022;3;Inativos e pensionistas;inativos;1066607.72;283;283;1.55
2022;4;Efetivos e empregados publicos (carreira);efetivos;59368991.9;8774;8115;81.93
2022;4;Efetivos em funcao de confianca (sobre vinculo de carreira);funcao_confianca;6230179.13;650;567;8.6
2022;4;Temporarios, estagiarios e eventuais;flexiveis;4361280.49;2587;2528;6.02
2022;4;Comissionados e agentes politicos (sem vinculo de carreira);comissionados;1334714.75;98;91;1.84
2022;4;Inativos e pensionistas;inativos;1164963.75;278;278;1.61
2022;5;Efetivos e empregados publicos (carreira);efetivos;61802124.97;8786;8282;82.19
2022;5;Efetivos em funcao de confianca (sobre vinculo de carreira);funcao_confianca;6708090.3;665;564;8.92
2022;5;Temporarios, estagiarios e eventuais;flexiveis;4244662.25;2660;2545;5.64
2022;5;Comissionados e agentes politicos (sem vinculo de carreira);comissionados;1281422.71;92;89;1.7
2022;5;Inativos e pensionistas;inativos;1161974.75;287;287;1.55
2022;6;Efetivos e empregados publicos (carreira);efetivos;61873303.02;9023;8427;82.65
2022;6;Efetivos em funcao de confianca (sobre vinculo de carreira);funcao_confianca;6390688.81;619;553;8.54
2022;6;Temporarios, estagiarios e eventuais;flexiveis;4230676.56;2702;2569;5.65
2022;6;Comissionados e agentes politicos (sem vinculo de carreira);comissionados;1211743.3800000001;94;89;1.62
2022;6;Inativos e pensionistas;inativos;1152925.4;277;277;1.54
2022;7;Efetivos e empregados publicos (carreira);efetivos;63064469.43;9310;8458;83.04
2022;7;Efetivos em funcao de confianca (sobre vinculo de carreira);funcao_confianca;6683616.93;705;569;8.8
2022;7;Temporarios, estagiarios e eventuais;flexiveis;3656619.0;2432;2401;4.81
2022;7;Comissionados e agentes politicos (sem vinculo de carreira);comissionados;1379701.47;109;89;1.82
2022;7;Inativos e pensionistas;inativos;1161672.62;276;276;1.53
2022;8;Efetivos e empregados publicos (carreira);efetivos;61096962.61;8858;8414;83.56
2022;8;Efetivos em funcao de confianca (sobre vinculo de carreira);funcao_confianca;6299861.26;651;567;8.62
2022;8;Temporarios, estagiarios e eventuais;flexiveis;3348849.1999999997;2543;2493;4.58
2022;8;Comissionados e agentes politicos (sem vinculo de carreira);comissionados;1284865.08;95;89;1.76
2022;8;Inativos e pensionistas;inativos;1091282.17;273;273;1.49
2022;9;Efetivos e empregados publicos (carreira);efetivos;62393869.1;9453;8394;82.24
2022;9;Efetivos em funcao de confianca (sobre vinculo de carreira);funcao_confianca;6749389.23;696;574;8.9
2022;9;Temporarios, estagiarios e eventuais;flexiveis;4272257.82;2718;2699;5.63
2022;9;Comissionados e agentes politicos (sem vinculo de carreira);comissionados;1366039.8900000001;102;89;1.8
2022;9;Inativos e pensionistas;inativos;1089654.55;278;272;1.44
2022;10;Efetivos e empregados publicos (carreira);efetivos;65295323.77;10399;8431;83.21
2022;10;Efetivos em funcao de confianca (sobre vinculo de carreira);funcao_confianca;6466189.58;650;568;8.24
2022;10;Temporarios, estagiarios e eventuais;flexiveis;4233211.39;2651;2591;5.39
2022;10;Comissionados e agentes politicos (sem vinculo de carreira);comissionados;1243288.6300000001;91;85;1.58
2022;10;Inativos e pensionistas;inativos;1227949.42;333;270;1.56
2022;11;Efetivos e empregados publicos (carreira);efetivos;85753505.28;8894;8386;83.03
2022;11;Efetivos em funcao de confianca (sobre vinculo de carreira);funcao_confianca;9416946.72;647;567;9.12
2022;11;Temporarios, estagiarios e eventuais;flexiveis;4777866.02;2628;2596;4.63
2022;11;Comissionados e agentes politicos (sem vinculo de carreira);comissionados;1674493.67;87;82;1.62
2022;11;Inativos e pensionistas;inativos;1652452.77;267;267;1.6
2022;12;Efetivos e empregados publicos (carreira);efetivos;118642421.65;17355;8348;84.05
2022;12;Efetivos em funcao de confianca (sobre vinculo de carreira);funcao_confianca;12603196.16;1272;569;8.93
2022;12;Temporarios, estagiarios e eventuais;flexiveis;5527676.17;2711;2444;3.92
2022;12;Inativos e pensionistas;inativos;2199443.73;511;266;1.56
2022;12;Comissionados e agentes politicos (sem vinculo de carreira);comissionados;2180952.69;179;85;1.55
2023;1;Efetivos e empregados publicos (carreira);efetivos;69362430.34;12519;8223;85.48
2023;1;Efetivos em funcao de confianca (sobre vinculo de carreira);funcao_confianca;6526385.35;627;565;8.04
2023;1;Temporarios, estagiarios e eventuais;flexiveis;2951158.34;1964;1883;3.64
2023;1;Comissionados e agentes politicos (sem vinculo de carreira);comissionados;1229597.47;102;86;1.52
2023;1;Inativos e pensionistas;inativos;1074409.09;265;265;1.32
2023;2;Efetivos e empregados publicos (carreira);efetivos;70101479.81;8971;8209;84.3
2023;2;Efetivos em funcao de confianca (sobre vinculo de carreira);funcao_confianca;8106694.82;654;566;9.75
2023;2;Temporarios, estagiarios e eventuais;flexiveis;2485677.19;1173;1083;2.99
2023;2;Comissionados e agentes politicos (sem vinculo de carreira);comissionados;1407068.05;98;85;1.69
2023;2;Inativos e pensionistas;inativos;1051653.75;262;262;1.26
2023;3;Efetivos e empregados publicos (carreira);efetivos;77435417.24;9319;8491;84.22
2023;3;Efetivos em funcao de confianca (sobre vinculo de carreira);funcao_confianca;7852147.48;658;566;8.54
2023;3;Temporarios, estagiarios e eventuais;flexiveis;3905027.53;2426;2350;4.25
2023;3;Comissionados e agentes politicos (sem vinculo de carreira);comissionados;1422420.27;99;90;1.55
2023;3;Inativos e pensionistas;inativos;1324152.49;265;261;1.44
2023;4;Efetivos e empregados publicos (carreira);efetivos;65902879.55;13582;8543;81.98
2023;4;Efetivos em funcao de confianca (sobre vinculo de carreira);funcao_confianca;6889461.7;787;560;8.57
2023;4;Temporarios, estagiarios e eventuais;flexiveis;5092857.16;2997;2952;6.33
2023;4;Comissionados e agentes politicos (sem vinculo de carreira);comissionados;1407162.6;107;102;1.75
2023;4;Inativos e pensionistas;inativos;1101448.93;259;259;1.37
2023;5;Efetivos e empregados publicos (carreira);efetivos;66577196.27;9370;8731;82.61
2023;5;Efetivos em funcao de confianca (sobre vinculo de carreira);funcao_confianca;6730471.69;636;561;8.35
2023;5;Temporarios, estagiarios e eventuais;flexiveis;4479240.13;2871;2792;5.56
2023;5;Comissionados e agentes politicos (sem vinculo de carreira);comissionados;1696338.3;121;115;2.1
2023;5;Inativos e pensionistas;inativos;1105512.14;259;259;1.37
2023;6;Efetivos e empregados publicos (carreira);efetivos;69342608.72;9387;8861;82.71
2023;6;Efetivos em funcao de confianca (sobre vinculo de carreira);funcao_confianca;6913513.6;634;559;8.25
2023;6;Temporarios, estagiarios e eventuais;flexiveis;4864065.46;2971;2914;5.8
2023;6;Comissionados e agentes politicos (sem vinculo de carreira);comissionados;1615332.36;118;113;1.93
2023;6;Inativos e pensionistas;inativos;1098702.99;258;258;1.31
2023;7;Efetivos e empregados publicos (carreira);efetivos;71966795.23;9745;8844;82.44
2023;7;Efetivos em funcao de confianca (sobre vinculo de carreira);funcao_confianca;7542830.13;696;550;8.64
2023;7;Temporarios, estagiarios e eventuais;flexiveis;4884926.9799999995;2849;2775;5.6
2023;7;Comissionados e agentes politicos (sem vinculo de carreira);comissionados;1746607.07;134;116;2.0
2023;7;Inativos e pensionistas;inativos;1152274.68;255;255;1.32
2023;8;Efetivos e empregados publicos (carreira);efetivos;75571652.94;9779;8974;84.22
2023;8;Efetivos em funcao de confianca (sobre vinculo de carreira);funcao_confianca;7120411.06;640;541;7.94
2023;8;Temporarios, estagiarios e eventuais;flexiveis;4041038.7199999997;2588;2558;4.5
2023;8;Comissionados e agentes politicos (sem vinculo de carreira);comissionados;1832752.57;130;121;2.04
2023;8;Inativos e pensionistas;inativos;1161938.56;254;254;1.29
2023;9;Efetivos e empregados publicos (carreira);efetivos;74534817.33;9640;8939;83.17
2023;9;Efetivos em funcao de confianca (sobre vinculo de carreira);funcao_confianca;7313319.01;619;545;8.16
2023;9;Temporarios, estagiarios e eventuais;flexiveis;4898827.96;2867;2814;5.47
2023;9;Comissionados e agentes politicos (sem vinculo de carreira);comissionados;1737553.27;125;118;1.94
2023;9;Inativos e pensionistas;inativos;1137175.02;252;251;1.27
2023;10;Efetivos e empregados publicos (carreira);efetivos;74474539.65;9461;8918;83.23
2023;10;Efetivos em funcao de confianca (sobre vinculo de carreira);funcao_confianca;7201087.77;619;546;8.05
2023;10;Temporarios, estagiarios e eventuais;flexiveis;4868264.8;2842;2796;5.44
2023;10;Comissionados e agentes politicos (sem vinculo de carreira);comissionados;1817341.71;124;120;2.03
2023;10;Inativos e pensionistas;inativos;1124277.81;251;249;1.26
2023;11;Efetivos e empregados publicos (carreira);efetivos;98363183.73;9792;9007;81.81
2023;11;Efetivos em funcao de confianca (sobre vinculo de carreira);funcao_confianca;9953868.72;626;540;8.28
2023;11;Temporarios, estagiarios e eventuais;flexiveis;7794857.18;2821;2771;6.48
2023;11;Comissionados e agentes politicos (sem vinculo de carreira);comissionados;2471506.2199999997;125;119;2.06
2023;11;Inativos e pensionistas;inativos;1656643.98;249;248;1.38
2023;12;Efetivos e empregados publicos (carreira);efetivos;145237583.88;27115;8992;85.76
2023;12;Efetivos em funcao de confianca (sobre vinculo de carreira);funcao_confianca;14015353.19;1747;541;8.28
2023;12;Temporarios, estagiarios e eventuais;flexiveis;4545019.61;2833;2686;2.68
2023;12;Comissionados e agentes politicos (sem vinculo de carreira);comissionados;3212239.94;353;118;1.9
2023;12;Inativos e pensionistas;inativos;2338707.64;694;254;1.38
2024;1;Efetivos e empregados publicos (carreira);efetivos;82647087.64;13307;8724;85.7
2024;1;Efetivos em funcao de confianca (sobre vinculo de carreira);funcao_confianca;7880592.55;615;543;8.17
2024;1;Temporarios, estagiarios e eventuais;flexiveis;2972936.44;2304;2243;3.08
2024;1;Comissionados e agentes politicos (sem vinculo de carreira);comissionados;1815825.98;127;118;1.88
2024;1;Inativos e pensionistas;inativos;1120139.24;245;245;1.16
2024;2;Efetivos e empregados publicos (carreira);efetivos;75441273.69;9532;8925;86.12
2024;2;Efetivos em funcao de confianca (sobre vinculo de carreira);funcao_confianca;7995453.78;625;540;9.13
2024;2;Comissionados e agentes politicos (sem vinculo de carreira);comissionados;1843015.36;138;125;2.1
2024;2;Temporarios, estagiarios e eventuais;flexiveis;1211709.96;1176;1139;1.38
2024;2;Inativos e pensionistas;inativos;1112014.74;248;248;1.27
2024;3;Efetivos e empregados publicos (carreira);efetivos;93831201.81;9581;8960;85.83
2024;3;Efetivos em funcao de confianca (sobre vinculo de carreira);funcao_confianca;8984818.19;619;545;8.22
2024;3;Temporarios, estagiarios e eventuais;flexiveis;3190566.4;2501;2477;2.92
2024;3;Comissionados e agentes politicos (sem vinculo de carreira);comissionados;2069890.66;134;128;1.89
2024;3;Inativos e pensionistas;inativos;1249543.15;247;247;1.14
2024;4;Efetivos e empregados publicos (carreira);efetivos;82381118.92;9834;8968;81.55
2024;4;Efetivos em funcao de confianca (sobre vinculo de carreira);funcao_confianca;8324970.82;628;541;8.24
2024;4;Comissionados e agentes politicos (sem vinculo de carreira);comissionados;4947844.68;236;231;4.9
2024;4;Temporarios, estagiarios e eventuais;flexiveis;4211561.14;3094;3024;4.17
2024;4;Inativos e pensionistas;inativos;1147594.79;258;246;1.14
2024;5;Efetivos e empregados publicos (carreira);efetivos;82555775.64;9594;8973;83.5
2024;5;Efetivos em funcao de confianca (sobre vinculo de carreira);funcao_confianca;7813667.58;598;532;7.9
2024;5;Temporarios, estagiarios e eventuais;flexiveis;5285002.03;3333;3233;5.35
2024;5;Comissionados e agentes politicos (sem vinculo de carreira);comissionados;2089274.73;144;137;2.11
2024;5;Inativos e pensionistas;inativos;1127065.15;245;241;1.14
2024;6;Efetivos e empregados publicos (carreira);efetivos;81429562.59;9621;9022;83.24
2024;6;Efetivos em funcao de confianca (sobre vinculo de carreira);funcao_confianca;8231596.58;623;542;8.41
2024;6;Temporarios, estagiarios e eventuais;flexiveis;5058191.39;3255;3200;5.17
2024;6;Comissionados e agentes politicos (sem vinculo de carreira);comissionados;1975335.92;138;135;2.02
2024;6;Inativos e pensionistas;inativos;1126123.12;241;241;1.15
2024;7;Efetivos e empregados publicos (carreira);efetivos;83189251.11;10462;9007;83.3
2024;7;Efetivos em funcao de confianca (sobre vinculo de carreira);funcao_confianca;8208271.11;687;537;8.22
2024;7;Temporarios, estagiarios e eventuais;flexiveis;5245505.86;3268;3221;5.25
2024;7;Comissionados e agentes politicos (sem vinculo de carreira);comissionados;2110814.98;147;144;2.11
2024;7;Inativos e pensionistas;inativos;1110933.42;237;237;1.11
2024;8;Efetivos e empregados publicos (carreira);efetivos;80982609.15;9787;9054;84.96
2024;8;Efetivos em funcao de confianca (sobre vinculo de carreira);funcao_confianca;7667087.63;632;537;8.04
2024;8;Temporarios, estagiarios e eventuais;flexiveis;3505116.56;2928;2814;3.68
2024;8;Comissionados e agentes politicos (sem vinculo de carreira);comissionados;2061352.43;140;136;2.16
2024;8;Inativos e pensionistas;inativos;1101651.31;235;235;1.16
2024;9;Efetivos e empregados publicos (carreira);efetivos;81731673.36;9761;9070;83.54
2024;9;Efetivos em funcao de confianca (sobre vinculo de carreira);funcao_confianca;7911731.1;624;538;8.09
2024;9;Temporarios, estagiarios e eventuais;flexiveis;5284052.07;3296;3250;5.4
2024;9;Comissionados e agentes politicos (sem vinculo de carreira);comissionados;1787607.94;123;117;1.83
2024;9;Inativos e pensionistas;inativos;1122335.64;234;234;1.15
2024;10;Efetivos e empregados publicos (carreira);efetivos;82271599.96;9657;9055;83.51
2024;10;Efetivos em funcao de confianca (sobre vinculo de carreira);funcao_confianca;7599191.96;593;533;7.71
2024;10;Temporarios, estagiarios e eventuais;flexiveis;5700773.12;3376;3334;5.79
2024;10;Comissionados e agentes politicos (sem vinculo de carreira);comissionados;1828190.53;135;134;1.86
2024;10;Inativos e pensionistas;inativos;1116450.53;232;232;1.13
2024;11;Efetivos e empregados publicos (carreira);efetivos;140315998.57;18473;9039;85.12
2024;11;Efetivos em funcao de confianca (sobre vinculo de carreira);funcao_confianca;13783971.56;1131;533;8.36
2024;11;Temporarios, estagiarios e eventuais;flexiveis;5818016.12;3411;3220;3.53
2024;11;Comissionados e agentes politicos (sem vinculo de carreira);comissionados;2972783.31;256;134;1.8
2024;11;Inativos e pensionistas;inativos;1951563.9;436;231;1.18
2024;12;Efetivos e empregados publicos (carreira);efetivos;149284881.01;18912;9015;85.46
2024;12;Efetivos em funcao de confianca (sobre vinculo de carreira);funcao_confianca;14467348.99;1202;538;8.28
2024;12;Temporarios, estagiarios e eventuais;flexiveis;5901344.88;3244;3140;3.38
2024;12;Comissionados e agentes politicos (sem vinculo de carreira);comissionados;2869304.6999999997;257;130;1.64
2024;12;Inativos e pensionistas;inativos;2164432.86;429;228;1.24
2025;1;Efetivos e empregados publicos (carreira);efetivos;91311379.18;13822;9000;87.03
2025;1;Efetivos em funcao de confianca (sobre vinculo de carreira);funcao_confianca;7426327.51;601;534;7.08
2025;1;Temporarios, estagiarios e eventuais;flexiveis;3141972.89;2611;2588;2.99
2025;1;Comissionados e agentes politicos (sem vinculo de carreira);comissionados;1961355.51;136;135;1.87
2025;1;Inativos e pensionistas;inativos;1075154.34;225;225;1.02
2025;2;Efetivos e empregados publicos (carreira);efetivos;84482586.2;9756;9103;86.74
2025;2;Efetivos em funcao de confianca (sobre vinculo de carreira);funcao_confianca;8240556.15;624;538;8.46
2025;2;Comissionados e agentes politicos (sem vinculo de carreira);comissionados;2437800.97;172;172;2.5
2025;2;Inativos e pensionistas;inativos;1121971.7;227;227;1.15
2025;2;Temporarios, estagiarios e eventuais;flexiveis;1111124.8;1060;1030;1.14
2025;3;Efetivos e empregados publicos (carreira);efetivos;104417473.85;18772;9252;85.3
2025;3;Efetivos em funcao de confianca (sobre vinculo de carreira);funcao_confianca;9221470.96;1169;552;7.53
2025;3;Temporarios, estagiarios e eventuais;flexiveis;4650725.38;3247;3217;3.8
2025;3;Comissionados e agentes politicos (sem vinculo de carreira);comissionados;2927687.4000000004;314;176;2.39
2025;3;Inativos e pensionistas;inativos;1196757.42;419;223;0.98
2025;4;Efetivos e empregados publicos (carreira);efetivos;89510033.21;10053;9210;83.63
2025;4;Efetivos em funcao de confianca (sobre vinculo de carreira);funcao_confianca;8834549.86;650;559;8.25
2025;4;Temporarios, estagiarios e eventuais;flexiveis;4727095.74;2923;2882;4.42
2025;4;Comissionados e agentes politicos (sem vinculo de carreira);comissionados;2852026.07;187;174;2.66
2025;4;Inativos e pensionistas;inativos;1103402.18;223;223;1.03
2025;5;Efetivos e empregados publicos (carreira);efetivos;90017395.12;10236;9341;83.33
2025;5;Efetivos em funcao de confianca (sobre vinculo de carreira);funcao_confianca;8868592.01;696;557;8.21
2025;5;Temporarios, estagiarios e eventuais;flexiveis;5216809.72;3042;2962;4.83
2025;5;Comissionados e agentes politicos (sem vinculo de carreira);comissionados;2824061.96;188;174;2.61
2025;5;Inativos e pensionistas;inativos;1100378.67;217;217;1.02
2025;6;Efetivos e empregados publicos (carreira);efetivos;93664028.06;10063;9322;83.25
2025;6;Efetivos em funcao de confianca (sobre vinculo de carreira);funcao_confianca;9125136.53;643;560;8.11
2025;6;Temporarios, estagiarios e eventuais;flexiveis;5709673.12;3175;3102;5.07
2025;6;Comissionados e agentes politicos (sem vinculo de carreira);comissionados;2908912.37;177;173;2.59
2025;6;Inativos e pensionistas;inativos;1106489.67;214;214;0.98
2025;7;Efetivos e empregados publicos (carreira);efetivos;93308814.0;10570;9349;82.92
2025;7;Efetivos em funcao de confianca (sobre vinculo de carreira);funcao_confianca;9625690.68;721;562;8.55
2025;7;Temporarios, estagiarios e eventuais;flexiveis;5548903.17;3133;3105;4.93
2025;7;Comissionados e agentes politicos (sem vinculo de carreira);comissionados;2930484.77;184;175;2.6
2025;7;Inativos e pensionistas;inativos;1108889.7;214;214;0.99
2025;8;Efetivos e empregados publicos (carreira);efetivos;93401788.26;10052;9354;84.55
2025;8;Efetivos em funcao de confianca (sobre vinculo de carreira);funcao_confianca;9267680.95;643;560;8.39
2025;8;Temporarios, estagiarios e eventuais;flexiveis;3869336.4;2795;2763;3.5
2025;8;Comissionados e agentes politicos (sem vinculo de carreira);comissionados;2822436.43;179;173;2.56
2025;8;Inativos e pensionistas;inativos;1102157.2;212;212;1.0
2025;9;Efetivos e empregados publicos (carreira);efetivos;92666824.66;10364;9344;82.94
2025;9;Efetivos em funcao de confianca (sobre vinculo de carreira);funcao_confianca;9015270.05;646;559;8.07
2025;9;Temporarios, estagiarios e eventuais;flexiveis;6045972.7;3312;3273;5.41
2025;9;Comissionados e agentes politicos (sem vinculo de carreira);comissionados;2911899.4;179;174;2.61
2025;9;Inativos e pensionistas;inativos;1094068.51;190;190;0.98
2025;10;Efetivos e empregados publicos (carreira);efetivos;90625038.63;10019;9309;82.18
2025;10;Efetivos em funcao de confianca (sobre vinculo de carreira);funcao_confianca;8874144.54;631;558;8.05
2025;10;Temporarios, estagiarios e eventuais;flexiveis;6688658.75;3444;3423;6.07
2025;10;Comissionados e agentes politicos (sem vinculo de carreira);comissionados;3003705.62;181;176;2.72
2025;10;Inativos e pensionistas;inativos;1088006.94;188;188;0.99
2025;11;Efetivos e empregados publicos (carreira);efetivos;122469667.84;10072;9271;83.11
2025;11;Efetivos em funcao de confianca (sobre vinculo de carreira);funcao_confianca;12370694.61;643;564;8.4
2025;11;Temporarios, estagiarios e eventuais;flexiveis;6667514.76;3393;3347;4.52
2025;11;Comissionados e agentes politicos (sem vinculo de carreira);comissionados;4232671.24;191;175;2.87
2025;11;Inativos e pensionistas;inativos;1614531.69;189;189;1.1
2025;12;Efetivos e empregados publicos (carreira);efetivos;165334593.45;19194;9257;84.52
2025;12;Efetivos em funcao de confianca (sobre vinculo de carreira);funcao_confianca;16348302.5;1227;564;8.36
2025;12;Temporarios, estagiarios e eventuais;flexiveis;6571871.9;3476;3294;3.36
2025;12;Comissionados e agentes politicos (sem vinculo de carreira);comissionados;5187789.88;353;171;2.65
2025;12;Inativos e pensionistas;inativos;2176084.2600000002;376;188;1.11
2026;1;Efetivos e empregados publicos (carreira);efetivos;102124675.23;14047;9167;85.39
2026;1;Efetivos em funcao de confianca (sobre vinculo de carreira);funcao_confianca;9020714.8;666;564;7.54
2026;1;Temporarios, estagiarios e eventuais;flexiveis;4153904.73;2854;2836;3.47
2026;1;Comissionados e agentes politicos (sem vinculo de carreira);comissionados;3204051.46;188;173;2.68
2026;1;Inativos e pensionistas;inativos;1098289.23;188;188;0.92
2026;2;Efetivos e empregados publicos (carreira);efetivos;88678656.13;9898;9147;85.59
2026;2;Efetivos em funcao de confianca (sobre vinculo de carreira);funcao_confianca;9387958.16;668;564;9.06
2026;2;Comissionados e agentes politicos (sem vinculo de carreira);comissionados;3236545.2800000003;198;183;3.12
2026;2;Temporarios, estagiarios e eventuais;flexiveis;1217749.71;899;819;1.18
2026;2;Inativos e pensionistas;inativos;1086874.99;187;187;1.05
2026;3;Efetivos e empregados publicos (carreira);efetivos;111408031.77;10126;9330;85.47
2026;3;Efetivos em funcao de confianca (sobre vinculo de carreira);funcao_confianca;9932620.92;641;556;7.62
2026;3;Temporarios, estagiarios e eventuais;flexiveis;4771985.94;3358;3337;3.66
2026;3;Comissionados e agentes politicos (sem vinculo de carreira);comissionados;3013807.07;179;159;2.31
2026;3;Inativos e pensionistas;inativos;1214794.5;186;186;0.93
2026;4;Efetivos e empregados publicos (carreira);efetivos;98468486.06;10315;9436;83.49
2026;4;Efetivos em funcao de confianca (sobre vinculo de carreira);funcao_confianca;8915797.78;607;525;7.56
2026;4;Temporarios, estagiarios e eventuais;flexiveis;6213484.65;3349;3313;5.27
2026;4;Comissionados e agentes politicos (sem vinculo de carreira);comissionados;3226745.5500000003;219;202;2.74
2026;4;Inativos e pensionistas;inativos;1114212.4;184;184;0.94
2026;5;Efetivos e empregados publicos (carreira);efetivos;99890777.22;10483;9531;83.19
2026;5;Efetivos em funcao de confianca (sobre vinculo de carreira);funcao_confianca;9948062.43;627;553;8.29
2026;5;Temporarios, estagiarios e eventuais;flexiveis;5935012.12;3197;3122;4.94
2026;5;Comissionados e agentes politicos (sem vinculo de carreira);comissionados;3170130.98;193;178;2.64
2026;5;Inativos e pensionistas;inativos;1125434.68;184;184;0.94
2026;6;Efetivos e empregados publicos (carreira);efetivos;103044691.26;10495;9697;83.52
2026;6;Efetivos em funcao de confianca (sobre vinculo de carreira);funcao_confianca;9735634.22;634;558;7.89
2026;6;Temporarios, estagiarios e eventuais;flexiveis;6403902.52;3265;3237;5.19
2026;6;Comissionados e agentes politicos (sem vinculo de carreira);comissionados;3079201.26;184;176;2.5
2026;6;Inativos e pensionistas;inativos;1120747.43;183;183;0.91
2026;7;Efetivos e empregados publicos (carreira);efetivos;118069916.96;14968;9742;85.01
2026;7;Efetivos em funcao de confianca (sobre vinculo de carreira);funcao_confianca;9735182.08;742;550;7.01
2026;7;Temporarios, estagiarios e eventuais;flexiveis;6328962.0;3268;3242;4.56
2026;7;Comissionados e agentes politicos (sem vinculo de carreira);comissionados;3647493.07;206;184;2.63
2026;7;Inativos e pensionistas;inativos;1104776.27;180;180;0.8
2026;8;Efetivos e empregados publicos (carreira);efetivos;106596223.55;10763;10105;85.42
2026;8;Efetivos em funcao de confianca (sobre vinculo de carreira);funcao_confianca;9757394.47;639;563;7.82
2026;8;Temporarios, estagiarios e eventuais;flexiveis;4003173.29;2911;2885;3.21
2026;8;Comissionados e agentes politicos (sem vinculo de carreira);comissionados;3329784.06;193;184;2.67
2026;8;Inativos e pensionistas;inativos;1097987.4;179;179;0.88
