ano;mes;folha_nominal;indice_ipca;fator_correcao;folha_real
2022;1;70274692.34;101.2739;0.987421;69390695.13
2022;2;59377915.16;102.2968;0.977548;58044738.49
2022;3;68865322.84;103.954;0.961964;66245946.77
2022;4;72460130.02;105.0559;0.951874;68972908.27
2022;5;75198274.98;105.5497;0.947421;71244428.24
2022;6;74859337.17;106.2569;0.941116;70451287.8
2022;7;75946079.45;105.5343;0.947559;71963388.92
2022;8;73121820.32;105.1544;0.950983;69537572.11
2022;9;75871210.59;104.8495;0.953748;72362044.09
2022;10;78465962.79;105.4681;0.948154;74397837.55
2022;11;103275264.46;105.9005;0.944283;97521046.54
2022;12;141153690.4;106.5571;0.938464;132467689.54
2023;1;81143980.59;107.1218;0.933517;75749252.32
2023;2;83152573.62;108.0216;0.92574;76977694.61
2023;3;91939165.01;108.7886;0.919214;84511763.49
2023;4;80393809.94;109.4522;0.913641;73451060.52
2023;5;80588758.53;109.704;0.911544;73460215.01
2023;6;83834223.13;109.6162;0.912274;76479783.25
2023;7;87293434.09;109.7477;0.911181;79540083.42
2023;8;89727793.85;110.0001;0.90909;81570612.39
2023;9;89621692.59;110.2861;0.906732;81262873.35
2023;10;89485511.74;110.5508;0.904561;80945125.49
2023;11;120240059.83;110.8604;0.902036;108460807.4
2023;12;169348904.26;111.4812;0.897012;151908045.39
2024;1;96436581.85;111.9494;0.893261;86142996.81
2024;2;87603467.53;112.8786;0.885908;77608572.86
2024;3;109326020.21;113.0592;0.884492;96698029.33
2024;4;101013090.35;113.4888;0.881144;89007079.5
2024;5;98870785.13;114.0109;0.877109;86720485.85
2024;6;97820809.6;114.2503;0.875271;85619741.09
2024;7;99864776.48;114.6844;0.871958;87077870.6
2024;8;95317817.08;114.6615;0.872132;83129739.84
2024;9;97837400.11;115.166;0.868312;84953354.63
2024;10;98516206.1;115.811;0.863476;85066397.96
2024;11;164842333.46;116.2626;0.860122;141784470.04
2024;12;174687312.44;116.8672;0.855672;149475079.8
2025;1;104916189.43;117.0542;0.854305;89630459.6
2025;2;97394039.82;118.5876;0.843259;82128365.53
2025;3;122414115.01;119.2517;0.838563;102651909.4
2025;4;107027107.06;119.7645;0.834972;89364670.56
2025;5;108027237.48;120.0758;0.832807;89965840.58
2025;6;112514239.75;120.364;0.830813;93478299.61
2025;7;112522782.32;120.677;0.828659;93242965.17
2025;8;110463399.24;120.5442;0.829571;91637240.75
2025;9;111734035.32;121.1228;0.825608;92248530.74
2025;10;110279554.48;121.2318;0.824866;90965830.25
2025;11;147355080.14;121.4501;0.823384;121329768.9
2025;12;195618641.99;121.8508;0.820675;160539418.23
2026;1;119601635.45;122.253;0.817976;97831283.48
2026;2;103607784.27;123.1087;0.81229;84159577.87
2026;3;130341240.2;124.1921;0.805204;104951327.88
2026;4;117938726.44;125.0242;0.799845;94332741.03
2026;5;120069417.43;125.7493;0.795233;95483161.96
2026;6;123384176.69;125.9505;0.793963;97962427.99
2026;7;138886330.38;126.0387;0.793407;110193423.63
2026;8;124784562.77;125.6354;0.795954;99322811.75
2026;9;129971219.82;126.6656;0.789481;102609753.85
