escolaridade_canonica;genero_inferido;num_matriculas;folha_media
Sem escolaridade formal registrada;feminino;15;3239.6086458333334
Sem escolaridade formal registrada;masculino;9;4897.920493150685
Fundamental incompleto;feminino;55;3666.506639118457
Fundamental incompleto;indefinido;2;6436.1192
Fundamental incompleto;masculino;70;5755.664380305603
Fundamental completo;feminino;228;3868.7505575221235
Fundamental completo;indefinido;8;3166.9417291066284
Fundamental completo;masculino;226;4964.534844020797
Medio incompleto;feminino;34;4032.189222497932
Medio incompleto;masculino;20;7601.237302631579
Medio completo;feminino;3769;4125.0622702059945
Medio completo;indefinido;74;5073.757917555082
Medio completo;masculino;1610;5901.882658493813
Superior incompleto;feminino;3931;1639.5981338463919
Superior incompleto;indefinido;44;2378.938963963964
Superior incompleto;masculino;974;2905.0843594504267
Superior completo;feminino;10687;6273.949586329277
Superior completo;indefinido;142;8028.406695668987
Superior completo;masculino;2236;10919.838219824365
Pos-graduacao;feminino;2478;10692.078528754302
Pos-graduacao;indefinido;47;9931.488874478926
Pos-graduacao;masculino;331;16389.208371267603
Mestrado;feminino;100;13696.97279883382
Mestrado;indefinido;2;25644.539735099337
Mestrado;masculino;43;15395.639158453374
Doutorado;feminino;21;13973.196429699841
Doutorado;masculino;17;16764.285994371483
