regime_subgrupo;genero_inferido;num_registros;num_matriculas;folha_total;folha_media;total_matriculas;pct_feminino
comissionados;masculino;5455;388;82258231.34;15079.41912740605;621.0;36.07
comissionados;feminino;3460;224;48289863.25;13956.607875722544;621.0;36.07
comissionados;indefinido;131;9;1867276.81;14254.02145038168;621.0;36.07
efetivos;feminino;479186;10149;3527338956.9;7361.106035860814;13740.0;73.86
efetivos;masculino;155305;3404;1432945406.78;9226.653403174398;13740.0;73.86
efetivos;indefinido;9025;187;69834495.32;7737.894218282548;13740.0;73.86
flexiveis;feminino;139810;10292;221420896.10999998;1583.727173378156;11925.0;86.31
flexiveis;masculino;16051;1519;35257936.64;2196.6193159304717;11925.0;86.31
flexiveis;indefinido;1595;114;3547081.88;2223.8757868338557;11925.0;86.31
funcao_confianca;feminino;26028;610;303260106.29;11651.302685185186;962.0;63.41
funcao_confianca;masculino;14260;339;181707478.03;12742.459889901824;962.0;63.41
funcao_confianca;indefinido;479;13;8061006.24;16828.8230480167;962.0;63.41
inativos;feminino;10816;205;46491210.45;4298.373747226332;298.0;68.79
inativos;masculino;3967;89;23054936.52;5811.680494076128;298.0;68.79
inativos;indefinido;204;4;1292840.97;6337.455735294117;298.0;68.79
