secretaria;genero_inferido;num_registros;num_matriculas;folha_total;folha_media;total_matriculas;pct_feminino
Chefia do Poder Executivo;feminino;2201;169;8948253.72;4065.540081781009;197.0;85.79
Chefia do Poder Executivo;masculino;303;26;4481023.14;14788.85524752475;197.0;85.79
Chefia do Poder Executivo;indefinido;28;2;108315.53;3868.4117857142855;197.0;85.79
Inativos e Pensionistas (Encargos);feminino;8317;205;36680963.84;4410.359966334016;297.0;69.02
Inativos e Pensionistas (Encargos);masculino;2996;88;17836386.96;5953.400186915888;297.0;69.02
Inativos e Pensionistas (Encargos);indefinido;151;4;994740.0599999999;6587.682516556291;297.0;69.02
Secretaria da Cidadania;feminino;13887;337;98828527.94;7116.621872254626;487.0;69.2
Secretaria da Cidadania;masculino;4855;147;37422399.13;7708.012179196705;487.0;69.2
Secretaria da Cidadania;indefinido;144;3;1007020.49;6993.197847222222;487.0;69.2
Secretaria da Educação;feminino;446428;15944;2458493083.55;5507.031556152392;17797.0;89.59
Secretaria da Educação;masculino;46152;1661;249775420.3;5412.017253856821;17797.0;89.59
Secretaria da Educação;indefinido;6005;192;32947751.44;5486.719640299751;17797.0;89.59
Secretaria da Fazenda;feminino;7258;181;51677735.24;7120.106811793883;304.0;59.54
Secretaria da Fazenda;masculino;5492;117;57158003.44;10407.50244719592;304.0;59.54
Secretaria da Fazenda;indefinido;261;6;3373786.36;12926.384521072796;304.0;59.54
Secretaria da Habitação e Regularização Fundiária;masculino;1098;47;10235511.1;9321.959107468123;93.0;49.46
Secretaria da Habitação e Regularização Fundiária;feminino;1579;46;11710927.11;7416.673280557315;93.0;49.46
Secretaria da Mulher;feminino;246;23;3791668.94;15413.28837398374;24.0;95.83
Secretaria da Mulher;masculino;1;1;482.56;482.56;24.0;95.83
Secretaria da Saúde;feminino;126373;2644;1062531888.05;8407.902701130779;3977.0;66.48
Secretaria da Saúde;masculino;56089;1272;639677396.27;11404.685344185134;3977.0;66.48
Secretaria da Saúde;indefinido;3238;61;34916377.44;10783.316071649166;3977.0;66.48
Secretaria de Administração;masculino;8972;318;61217402.78;6823.161255015604;585.0;44.27
Secretaria de Administração;feminino;7093;259;50510458.56;7121.169964753984;585.0;44.27
Secretaria de Administração;indefinido;328;8;1679175.1300000001;5119.43637195122;585.0;44.27
Secretaria de Assuntos Jurídicos e Patrimônio;feminino;5135;167;62625762.01;12195.864072054528;298.0;56.04
Secretaria de Assuntos Jurídicos e Patrimônio;masculino;3845;126;66432235.11;17277.564397919377;298.0;56.04
Secretaria de Assuntos Jurídicos e Patrimônio;indefinido;106;5;541358.15;5107.152358490566;298.0;56.04
Secretaria de Comunicação;feminino;1242;46;10110147.98;8140.215764895331;87.0;52.87
Secretaria de Comunicação;masculino;878;40;10013491.53;11404.887847380409;87.0;52.87
Secretaria de Comunicação;indefinido;2;1;42051.55;21025.775;87.0;52.87
Secretaria de Cultura;feminino;2193;108;11870186.5;5412.761741906064;207.0;52.17
Secretaria de Cultura;masculino;2444;96;15587279.17;6377.773801145663;207.0;52.17
Secretaria de Cultura;indefinido;74;3;990610.48;13386.628108108107;207.0;52.17
Secretaria de Desenvolvimento Econômico, Trabalho e Turismo;masculino;1893;134;14054657.37;7424.541664025356;251.0;45.02
Secretaria de Desenvolvimento Econômico, Trabalho e Turismo;feminino;2283;113;14525232.8;6362.344634253176;251.0;45.02
Secretaria de Desenvolvimento Econômico, Trabalho e Turismo;indefinido;91;4;495568.27999999997;5445.805274725274;251.0;45.02
Secretaria de Empreendedorismo da Micro e Pequena Empresa;feminino;390;24;3293633.81;8445.214897435897;42.0;57.14
Secretaria de Empreendedorismo da Micro e Pequena Empresa;masculino;161;18;1900201.46;11802.49354037267;42.0;57.14
Secretaria de Esportes e Lazer;masculino;4357;140;39921827.76;9162.687114987377;207.0;30.92
Secretaria de Esportes e Lazer;feminino;1540;64;10831492.68;7033.436805194805;207.0;30.92
Secretaria de Esportes e Lazer;indefinido;81;3;595161.4299999999;7347.671975308641;207.0;30.92
Secretaria de Gabinete Central;masculino;3257;182;35649982.13;10945.650024562481;341.0;45.75
Secretaria de Gabinete Central;feminino;3601;156;31856368.14;8846.533779505693;341.0;45.75
Secretaria de Gabinete Central;indefinido;33;3;579872.61;17571.897272727274;341.0;45.75
Secretaria de Governo;feminino;4565;308;47040298.18;10304.556008762322;515.0;59.81
Secretaria de Governo;masculino;3060;198;31097873.32;10162.703699346406;515.0;59.81
Secretaria de Governo;indefinido;57;9;337923.81;5928.4878947368425;515.0;59.81
Secretaria de Inclusão e Transtorno do Espectro Autista;feminino;160;11;1873242.76;11707.76725;19.0;57.89
Secretaria de Inclusão e Transtorno do Espectro Autista;masculino;104;8;1349367.99;12974.692211538462;19.0;57.89
Secretaria de Mobilidade;masculino;1565;93;15710543.51;10038.685948881788;139.0;32.37
Secretaria de Mobilidade;feminino;807;45;4294701.87;5321.811486988848;139.0;32.37
Secretaria de Mobilidade;indefinido;24;1;26111.84;1087.9933333333333;139.0;32.37
Secretaria de Parcerias;feminino;692;43;6325963.71;9141.566054913295;81.0;53.09
Secretaria de Parcerias;masculino;561;38;5452504.53;9719.259411764706;81.0;53.09
Secretaria de Planejamento e Desenvolvimento Urbano;masculino;5948;188;53849287.84;9053.343618022865;379.0;49.34
Secretaria de Planejamento e Desenvolvimento Urbano;feminino;4572;187;26736591.65;5847.898436132983;379.0;49.34
Secretaria de Planejamento e Desenvolvimento Urbano;indefinido;20;4;203793.23;10189.6615;379.0;49.34
Secretaria de Recursos Humanos;feminino;5555;197;37597381.4;6768.205472547254;291.0;67.7
Secretaria de Recursos Humanos;masculino;2741;91;22561227.29;8231.02053630062;291.0;67.7
Secretaria de Recursos Humanos;indefinido;194;3;1471893.88;7587.081855670102;291.0;67.7
Secretaria de Relações Institucionais e Metropolitanas;masculino;434;32;5693328.15;13118.267626728111;45.0;26.67
Secretaria de Relações Institucionais e Metropolitanas;feminino;364;12;3758970.01;10326.840686813186;45.0;26.67
Secretaria de Relações Institucionais e Metropolitanas;indefinido;3;1;47372.72;15790.906666666668;45.0;26.67
Secretaria de Relações do Trabalho e Qualificação Profissional;masculino;763;58;6266632.72;8213.149043250327;114.0;46.49
Secretaria de Relações do Trabalho e Qualificação Profissional;feminino;985;53;5549209.77;5633.715502538071;114.0;46.49
Secretaria de Relações do Trabalho e Qualificação Profissional;indefinido;59;3;358104.96;6069.575593220339;114.0;46.49
Secretaria de Segurança Urbana;masculino;23761;611;240518340.12;10122.39973570136;803.0;22.79
Secretaria de Segurança Urbana;feminino;4595;183;39060888.8;8500.737497279652;803.0;22.79
Secretaria de Segurança Urbana;indefinido;261;9;2217597.71;8496.542950191571;803.0;22.79
Secretaria de Serviços Públicos e Obras;masculino;7274;200;58719192.8;8072.476326642837;278.0;26.62
Secretaria de Serviços Públicos e Obras;feminino;2650;74;18545590.13;6998.335898113207;278.0;26.62
Secretaria de Serviços Públicos e Obras;indefinido;171;4;986194.28;5767.218011695906;278.0;26.62
Secretaria de Turismo;feminino;149;15;1489334.32;9995.532348993289;30.0;50.0
Secretaria de Turismo;masculino;161;15;1779487.06;11052.714658385094;30.0;50.0
Secretaria de Urbanismo e Licenciamento;masculino;1442;130;10970178.09;7607.613099861303;228.0;42.54
Secretaria de Urbanismo e Licenciamento;feminino;1019;97;4640863.34;4554.331050049068;228.0;42.54
Secretaria de Urbanismo e Licenciamento;indefinido;2;1;9000.54;4500.27;228.0;42.54
Secretaria do Meio Ambiente, Parques e Jardins;feminino;3421;171;21601666.19;6314.430339082141;338.0;50.59
Secretaria do Meio Ambiente, Parques e Jardins;masculino;4431;161;39892325.68;9003.007375310313;338.0;50.59
Secretaria do Meio Ambiente, Parques e Jardins;indefinido;101;6;672919.3;6662.567326732674;338.0;50.59
