faixa_salarial;genero_inferido;num_matriculas;folha_media
10k_20k;feminino;5986;13265.640203071122
10k_20k;masculino;2428;13837.853408316598
10k_20k;indefinido;130;13213.87155107779
2k_5k;feminino;13809;3437.0347647031836
2k_5k;masculino;3623;3683.0381719302
2k_5k;indefinido;222;3533.9187145557657
5k_10k;feminino;9502;7326.522281993173
5k_10k;masculino;3459;7176.597027394431
5k_10k;indefinido;173;7287.832346850733
acima_20k;feminino;2766;28615.92434583663
acima_20k;masculino;1611;31056.951194064863
acima_20k;indefinido;70;32673.70765232975
ate_2k;feminino;18966;828.105700890703
ate_2k;masculino;4606;807.2713322009222
ate_2k;indefinido;285;772.797412721186
