cargo;folha_media_feminino;folha_media_indefinido;folha_media_masculino;num_matriculas_feminino;num_matriculas_indefinido;num_matriculas_masculino;gap_absoluto;gap_percentual
MEDICO 75H;18156.353567415732;21927.080789473683;23881.19489361702;134.0;8.0;157.0;5724.84;23.97
AUX. DE FISCALIZACAO;8103.940909090909;0.0;10482.533209876543;11.0;0.0;17.0;2378.59;22.69
FISCAL PUBLICO;6331.037777777778;4119.37;8130.9153779069775;10.0;1.0;38.0;1799.88;22.14
MEDICO I 100H;14299.752127659576;13905.7275;17819.384920212768;82.0;2.0;47.0;3519.63;19.75
SECRETARIO;21729.884285714284;0.0;26182.445707317074;13.0;0.0;39.0;4452.56;17.01
CIRURGIAO DENTISTA 75H;17319.57536585366;22533.06272727273;20573.559022727273;41.0;1.0;42.0;3253.98;15.82
AGENTE DE VIG.SANITARIA I;6461.886701570681;6348.397;7588.658556149732;38.0;1.0;39.0;1126.77;14.85
COORDENADOR ADMINISTRATIVO(FG);15444.267000000002;9743.593333333332;17995.863258426965;23.0;1.0;12.0;2551.6;14.18
GCM-2A CLASSE;6982.888615702479;7745.8115789473695;8002.224890210429;68.0;2.0;294.0;1019.34;12.74
AUX. DE ADMINISTRACAO;5382.467752655953;7016.67409090909;6155.426046511628;360.0;6.0;138.0;772.96;12.56
ENFERMEIRO;14787.75215621105;13169.337142857144;16698.0221086262;252.0;2.0;31.0;1910.27;11.44
GESTOR PLANEJ E EXECUCAO(FG);20732.77357894737;13286.155999999999;23342.56175572519;15.0;1.0;16.0;2609.79;11.18
PEB I CLT;6503.948242147923;6924.54;7089.751495327103;571.0;6.0;20.0;585.8;8.26
MEDICO II 150H;18800.457572815532;0.0;20043.66658227848;12.0;0.0;17.0;1243.21;6.2
ESTAGIARIO NIVEL TECNICO;964.4743859649122;0.0;1026.7981818181818;31.0;0.0;15.0;62.32;6.07
TEC.DE CONTROLE ADMINISTRATIVO;4863.39057404022;7055.607391304348;5175.958175944334;337.0;10.0;227.0;312.57;6.04
ORIENT. PED.;12074.283375897845;10885.307272727274;12849.875142857141;116.0;1.0;10.0;775.59;6.04
AGENTE DE COMBATE AS ENDEMIAS;4711.739970845481;726.47;4906.384487632509;37.0;1.0;31.0;194.64;3.97
TECNICO DE ENFERMAGEM;6931.821465786094;7432.587910447761;7208.516868402534;526.0;19.0;136.0;276.7;3.84
ESTAGIARIO NIVEL SUPERIOR;994.5456962025316;897.2984615384615;1028.6526354453626;717.0;10.0;204.0;34.11;3.32
INSPETOR DE ALUNOS;4029.0794013157897;3517.005142857143;4154.60873015873;159.0;4.0;95.0;125.53;3.02
CIRURGIAO DENTISTA I 150H;18355.09246666667;0.0;18918.46007633588;15.0;0.0;13.0;563.37;2.98
ASSESSOR DE GABINETE;14609.118082437275;14468.677272727271;15033.966590214068;90.0;1.0;113.0;424.85;2.83
FISCAL DE SAUDE PUBLICA;6077.411212121212;0.0;6245.1686805555555;18.0;0.0;16.0;167.76;2.69
CHEFE DE DIVISAO;15033.59518904824;21322.36090909091;15400.710763888888;92.0;2.0;53.0;367.12;2.38
AGENTE COMUNITARIO DE SAUDE;4514.619379207181;5158.5055555555555;4609.480438596492;137.0;2.0;14.0;94.86;2.06
ENG.CIVIL I;12117.033523316064;0.0;12202.03558951965;21.0;0.0;45.0;85.0;0.7
CHEFE DE SECAO;11384.015627828054;8733.377142857144;11402.045851619645;198.0;2.0;111.0;18.03;0.16
PEBII ED.FISICA;11021.70415730337;13201.338125;11010.968588235295;50.0;3.0;41.0;-10.74;-0.1
ASSISTENTE DE SECRETARIA E EXPEDIENTE (FG);10529.473095238096;0.0;10481.981416666667;61.0;0.0;23.0;-47.49;-0.45
GCM-CLASSE ESPECIAL;13941.614487179486;9814.855000000001;13832.700572289155;12.0;1.0;51.0;-108.91;-0.79
ESTAGIARIO NIVEL MEDIO;1030.8428215767635;0.0;1013.7764705882353;44.0;0.0;20.0;-17.07;-1.68
AUX. DE EDUCACAO;4420.368410067155;4275.333803418804;4345.757714723926;1609.0;24.0;133.0;-74.61;-1.72
AUX. DE ENFERMAGEM;8656.491132743364;9784.049090909091;8385.407070707071;56.0;1.0;20.0;-271.08;-3.23
GCM-1A CLASSE;13313.583181818181;8459.061176470588;12843.777557755775;14.0;2.0;131.0;-469.81;-3.66
CHEFE DE GABINETE;17859.43456140351;15422.22875;17053.08058252427;14.0;2.0;27.0;-806.35;-4.73
PEB I;11326.352782640244;10573.1725087108;10768.175154511742;2171.0;29.0;87.0;-558.18;-5.18
SECRETARIO DE ESCOLA;5433.158392857143;8251.130000000001;5049.654104477612;85.0;2.0;69.0;-383.5;-7.59
DIRETOR DE ESCOLA;16360.60545586107;0.0;15020.054045307445;127.0;0.0;31.0;-1340.55;-8.93
PROCURADOR;34430.78182857143;0.0;31310.029615384618;17.0;0.0;19.0;-3120.75;-9.97
AUTONOMOS - PROF. EVENTUAL;1813.164491856169;1854.5886813186814;1493.2830564430246;3627.0;35.0;210.0;-319.88;-21.42
SUPERV. ENS.;24359.100839694656;15878.469999999998;17490.492761904763;12.0;1.0;10.0;-6868.61;-39.27
