escolaridade_canonica;regime_subgrupo;num_registros;num_matriculas;folha_total;folha_media
Sem escolaridade formal registrada;inativos;773;15;2528552.96;3271.0905045278137
Sem escolaridade formal registrada;efetivos;360;9;1747207.46;4853.3540555555555
Fundamental incompleto;efetivos;3129;64;18922030.7;6047.309268136784
Fundamental incompleto;inativos;3411;63;12687062.55;3719.4554529463503
Fundamental incompleto;funcao_confianca;23;1;183474.85;7977.167391304348
Fundamental completo;efetivos;12191;256;51983148.05;4264.059392174555
Fundamental completo;inativos;8371;172;37661502.63;4499.0446338549755
Fundamental completo;flexiveis;272;38;823951.78;3029.234485294118
Fundamental completo;funcao_confianca;45;2;179793.30000000002;3995.406666666667
Medio incompleto;efetivos;1766;33;11114406.02;6293.548142695357
Medio incompleto;inativos;170;4;512273.81;3013.3753529411765
Medio incompleto;flexiveis;185;17;180565.36;976.028972972973
Medio completo;efetivos;197145;4506;933597499.51;4735.588016485328
Medio completo;flexiveis;9478;961;19148601.74;2020.320926355771
Medio completo;inativos;1205;20;8690513.45;7212.0443568464725
Medio completo;funcao_confianca;828;52;8237480.95;9948.648490338164
Medio completo;comissionados;91;4;1488039.17;16352.07879120879
Superior incompleto;flexiveis;53673;4728;60737712.059999995;1131.6250639986586
Superior incompleto;efetivos;11463;207;57858618.07;5047.423717177005
Superior incompleto;funcao_confianca;619;25;5692142.43;9195.706672051696
Superior incompleto;comissionados;92;4;1206318.78;13112.160652173914
Superior completo;efetivos;277658;6427;2277565421.61;8202.772553320992
Superior completo;funcao_confianca;33513;750;382259985.74;11406.31951004088
Superior completo;flexiveis;85529;5875;168960450.35;1975.475573781992
Superior completo;comissionados;7773;544;112720257.75;14501.512639907372
Superior completo;inativos;784;17;7966659.69;10161.555727040817
Pos-graduacao;efetivos;129632;2159;1533749445.49;11831.565088018391
Pos-graduacao;funcao_confianca;5091;129;81192895.31;15948.319644470635
Pos-graduacao;comissionados;1035;69;16018093.35;15476.418695652173
Pos-graduacao;flexiveis;8242;593;10307330.22;1250.586049502548
Pos-graduacao;inativos;273;7;792422.85;2902.6478021978023
Mestrado;efetivos;7917;131;111108174.66;14034.125888594164
Mestrado;funcao_confianca;574;14;12196426.42;21248.129651567942
Mestrado;comissionados;55;3;982662.35;17866.58818181818
Mestrado;flexiveis;74;8;65806.56;889.2778378378378
Doutorado;efetivos;2255;36;32472907.43;14400.402407982261
Doutorado;funcao_confianca;74;1;3086391.56;41707.994054054056
Doutorado;flexiveis;3;2;1496.5600000000002;498.8533333333334
