secretaria;escolaridade_canonica;regime_subgrupo;num_registros;num_matriculas;folha_total
Chefia do Poder Executivo;Sem escolaridade formal registrada;inativos;180;13;542331.09
Chefia do Poder Executivo;Fundamental incompleto;inativos;516;41;1782481.04
Chefia do Poder Executivo;Fundamental completo;inativos;1307;98;4804012.96
Chefia do Poder Executivo;Medio incompleto;inativos;28;2;77793.91
Chefia do Poder Executivo;Medio completo;inativos;117;9;671723.92
Chefia do Poder Executivo;Medio completo;comissionados;28;1;554909.34
Chefia do Poder Executivo;Medio completo;efetivos;16;2;162343.79
Chefia do Poder Executivo;Superior incompleto;flexiveis;9;1;9799.36
Chefia do Poder Executivo;Superior completo;funcao_confianca;83;6;1707827.91
Chefia do Poder Executivo;Superior completo;comissionados;64;8;1501908.08
Chefia do Poder Executivo;Superior completo;efetivos;36;2;898429.7
Chefia do Poder Executivo;Superior completo;inativos;67;6;389467.53
Chefia do Poder Executivo;Pos-graduacao;funcao_confianca;11;3;234576.65
Chefia do Poder Executivo;Pos-graduacao;inativos;70;5;199987.11000000002
Inativos e Pensionistas (Encargos);Sem escolaridade formal registrada;inativos;579;15;1937473.15
Inativos e Pensionistas (Encargos);Fundamental incompleto;inativos;2615;63;9932508.73
Inativos e Pensionistas (Encargos);Fundamental completo;inativos;6391;171;29400828.29
Inativos e Pensionistas (Encargos);Medio incompleto;inativos;128;4;396512.23
Inativos e Pensionistas (Encargos);Medio completo;inativos;933;20;6895644.49
Inativos e Pensionistas (Encargos);Superior completo;inativos;615;17;6356688.23
Inativos e Pensionistas (Encargos);Pos-graduacao;inativos;203;7;592435.74
Secretaria da Cidadania;Fundamental incompleto;efetivos;14;1;66464.56
Secretaria da Cidadania;Fundamental completo;efetivos;37;1;135449.24
Secretaria da Cidadania;Medio completo;efetivos;2833;83;11307008.21
Secretaria da Cidadania;Medio completo;funcao_confianca;102;4;1361205.13
Secretaria da Cidadania;Medio completo;flexiveis;124;7;768612.83
Secretaria da Cidadania;Medio completo;comissionados;6;1;64775.200000000004
Secretaria da Cidadania;Superior incompleto;efetivos;229;7;937004.85
Secretaria da Cidadania;Superior incompleto;comissionados;44;1;333539.16
Secretaria da Cidadania;Superior incompleto;flexiveis;153;24;139593.44
Secretaria da Cidadania;Superior completo;efetivos;7798;199;54587352.66
Secretaria da Cidadania;Superior completo;funcao_confianca;2429;67;23625417.12
Secretaria da Cidadania;Superior completo;flexiveis;2065;52;13623316.54
Secretaria da Cidadania;Superior completo;comissionados;411;37;5327969.25
Secretaria da Cidadania;Pos-graduacao;efetivos;2088;37;18181604.77
Secretaria da Cidadania;Pos-graduacao;funcao_confianca;254;6;2925169.77
Secretaria da Cidadania;Pos-graduacao;comissionados;137;6;2251562.78
Secretaria da Cidadania;Mestrado;efetivos;92;4;915616.19
Secretaria da Cidadania;Mestrado;funcao_confianca;1;1;16248.11
Secretaria da Cidadania;Doutorado;efetivos;69;1;690037.75
Secretaria da Educação;Sem escolaridade formal registrada;efetivos;133;3;546142.88
Secretaria da Educação;Fundamental incompleto;efetivos;192;7;725711.76
Secretaria da Educação;Fundamental completo;efetivos;4175;88;12318750.25
Secretaria da Educação;Fundamental completo;flexiveis;262;36;813762.42
Secretaria da Educação;Medio incompleto;efetivos;360;5;1239419.76
Secretaria da Educação;Medio incompleto;flexiveis;13;2;11158.72
Secretaria da Educação;Medio completo;efetivos;86952;1859;296514547.14
Secretaria da Educação;Medio completo;flexiveis;8085;827;17090697.39
Secretaria da Educação;Medio completo;funcao_confianca;51;3;478079.98
Secretaria da Educação;Medio completo;comissionados;19;1;244822.72
Secretaria da Educação;Superior incompleto;flexiveis;38620;3252;45392002.199999996
Secretaria da Educação;Superior incompleto;efetivos;5730;102;22826717.23
Secretaria da Educação;Superior incompleto;funcao_confianca;1;1;7587.85
Secretaria da Educação;Superior completo;efetivos;157585;3929;1042409815.26
Secretaria da Educação;Superior completo;flexiveis;81320;5701;124960244.72
Secretaria da Educação;Superior completo;funcao_confianca;2622;74;28924471.94
Secretaria da Educação;Superior completo;comissionados;219;19;2873528.53
Secretaria da Educação;Pos-graduacao;efetivos;97828;1629;1047755253.04
Secretaria da Educação;Pos-graduacao;flexiveis;8207;590;10008308.08
Secretaria da Educação;Pos-graduacao;funcao_confianca;594;18;7841517.02
Secretaria da Educação;Pos-graduacao;comissionados;90;7;1660922.18
Secretaria da Educação;Mestrado;efetivos;4593;73;64840209.03
Secretaria da Educação;Mestrado;funcao_confianca;26;2;458308.88
Secretaria da Educação;Mestrado;flexiveis;74;8;65806.56
Secretaria da Educação;Doutorado;efetivos;831;13;11206973.19
Secretaria da Educação;Doutorado;flexiveis;3;2;1496.5600000000002
Secretaria da Fazenda;Fundamental completo;efetivos;73;1;217504.59
Secretaria da Fazenda;Fundamental completo;flexiveis;4;1;4049.92
Secretaria da Fazenda;Medio incompleto;efetivos;55;2;356084.56
Secretaria da Fazenda;Medio completo;efetivos;2123;55;8340358.93
Secretaria da Fazenda;Medio completo;funcao_confianca;53;2;445046.31
Secretaria da Fazenda;Medio completo;flexiveis;235;26;234017.68
Secretaria da Fazenda;Superior incompleto;efetivos;189;7;810554.5
Secretaria da Fazenda;Superior incompleto;flexiveis;262;29;267594.88
Secretaria da Fazenda;Superior completo;efetivos;6281;125;57175862.97
Secretaria da Fazenda;Superior completo;funcao_confianca;2429;54;25718907.2
Secretaria da Fazenda;Superior completo;comissionados;90;13;1213766.22
Secretaria da Fazenda;Superior completo;flexiveis;6;1;6215.5199999999995
Secretaria da Fazenda;Pos-graduacao;efetivos;1093;20;15516559.7
Secretaria da Fazenda;Pos-graduacao;funcao_confianca;103;2;1699188.18
Secretaria da Fazenda;Pos-graduacao;comissionados;15;1;203813.88
Secretaria da Habitação e Regularização Fundiária;Medio completo;efetivos;352;14;1506221.64
Secretaria da Habitação e Regularização Fundiária;Medio completo;flexiveis;47;3;49486.479999999996
Secretaria da Habitação e Regularização Fundiária;Superior incompleto;flexiveis;258;20;269519.76
Secretaria da Habitação e Regularização Fundiária;Superior incompleto;funcao_confianca;16;1;108691.59
Secretaria da Habitação e Regularização Fundiária;Superior completo;efetivos;1043;26;8854485.96
Secretaria da Habitação e Regularização Fundiária;Superior completo;funcao_confianca;480;16;4703461.02
Secretaria da Habitação e Regularização Fundiária;Superior completo;comissionados;173;15;2455002.2800000003
Secretaria da Habitação e Regularização Fundiária;Pos-graduacao;efetivos;120;3;1778209.93
Secretaria da Habitação e Regularização Fundiária;Pos-graduacao;funcao_confianca;112;2;1121053.8699999999
Secretaria da Habitação e Regularização Fundiária;Mestrado;comissionados;46;1;845454.71
Secretaria da Habitação e Regularização Fundiária;Mestrado;efetivos;30;2;254850.97
Secretaria da Mulher;Medio completo;funcao_confianca;5;1;128732.39000000001
Secretaria da Mulher;Medio completo;efetivos;1;1;15983.42
Secretaria da Mulher;Superior incompleto;flexiveis;4;4;1930.24
Secretaria da Mulher;Superior completo;comissionados;109;10;1761353.97
Secretaria da Mulher;Superior completo;funcao_confianca;43;3;529335.74
Secretaria da Mulher;Superior completo;efetivos;20;3;158774.75
Secretaria da Mulher;Pos-graduacao;efetivos;27;2;319309.8
Secretaria da Mulher;Pos-graduacao;funcao_confianca;16;1;174200.51
Secretaria da Mulher;Pos-graduacao;comissionados;4;1;56306.18
Secretaria da Mulher;Mestrado;efetivos;18;1;646224.5
Secretaria da Saúde;Fundamental incompleto;efetivos;612;12;4213516.81
Secretaria da Saúde;Fundamental completo;efetivos;4290;74;19477081.66
Secretaria da Saúde;Fundamental completo;funcao_confianca;45;2;179793.30000000002
Secretaria da Saúde;Medio incompleto;efetivos;464;9;2395651.26
Secretaria da Saúde;Medio completo;efetivos;72110;1582;385267039.32
Secretaria da Saúde;Medio completo;funcao_confianca;182;14;1252286.47
Secretaria da Saúde;Medio completo;flexiveis;186;17;194141.91999999998
Secretaria da Saúde;Superior incompleto;efetivos;2929;53;16962064.66
Secretaria da Saúde;Superior incompleto;funcao_confianca;246;10;2325836.92
Secretaria da Saúde;Superior incompleto;flexiveis;2048;197;2074773.0
Secretaria da Saúde;Superior completo;efetivos;64382;1370;713343201.21
Secretaria da Saúde;Superior completo;funcao_confianca;7468;192;97729579.63
Secretaria da Saúde;Superior completo;flexiveis;1949;100;30182015.33
Secretaria da Saúde;Superior completo;comissionados;715;60;10228386.66
Secretaria da Saúde;Pos-graduacao;efetivos;21465;355;337771669.07
Secretaria da Saúde;Pos-graduacao;funcao_confianca;2366;58;46031829.8
Secretaria da Saúde;Pos-graduacao;comissionados;85;7;1395095.69
Secretaria da Saúde;Pos-graduacao;flexiveis;34;2;298949.82
Secretaria da Saúde;Mestrado;efetivos;2655;44;36902908.17
Secretaria da Saúde;Mestrado;funcao_confianca;263;6;7837546.37
Secretaria da Saúde;Mestrado;comissionados;7;1;107928.88
Secretaria da Saúde;Doutorado;efetivos;1125;19;17867974.25
Secretaria da Saúde;Doutorado;funcao_confianca;74;1;3086391.56
Secretaria de Administração;Fundamental incompleto;efetivos;826;14;5657343.64
Secretaria de Administração;Fundamental completo;efetivos;617;11;3047653.64
Secretaria de Administração;Medio incompleto;efetivos;246;4;1706524.55
Secretaria de Administração;Medio incompleto;flexiveis;93;8;91640.0
Secretaria de Administração;Medio completo;efetivos;2327;62;10735756.73
Secretaria de Administração;Medio completo;funcao_confianca;99;5;838180.66
Secretaria de Administração;Medio completo;flexiveis;228;22;235438.56
Secretaria de Administração;Superior incompleto;flexiveis;2077;195;2132352.96
Secretaria de Administração;Superior incompleto;efetivos;244;5;1318984.04
Secretaria de Administração;Superior incompleto;funcao_confianca;15;1;105357.67
Secretaria de Administração;Superior completo;efetivos;5142;156;36052579.27
Secretaria de Administração;Superior completo;funcao_confianca;3025;75;31754512.03
Secretaria de Administração;Superior completo;comissionados;269;26;4089343.97
Secretaria de Administração;Superior completo;flexiveis;29;4;29087.68
Secretaria de Administração;Pos-graduacao;efetivos;895;31;12550466.81
Secretaria de Administração;Pos-graduacao;funcao_confianca;202;5;2285954.39
Secretaria de Administração;Pos-graduacao;comissionados;59;7;775859.87
Secretaria de Assuntos Jurídicos e Patrimônio;Fundamental completo;efetivos;144;3;745084.79
Secretaria de Assuntos Jurídicos e Patrimônio;Medio completo;efetivos;1468;54;5234820.95
Secretaria de Assuntos Jurídicos e Patrimônio;Medio completo;funcao_confianca;89;3;1329882.55
Secretaria de Assuntos Jurídicos e Patrimônio;Medio completo;flexiveis;19;2;17458.96
Secretaria de Assuntos Jurídicos e Patrimônio;Superior incompleto;flexiveis;527;72;533106.72
Secretaria de Assuntos Jurídicos e Patrimônio;Superior incompleto;efetivos;29;2;75804.93
Secretaria de Assuntos Jurídicos e Patrimônio;Superior completo;efetivos;3892;112;67181562.44
Secretaria de Assuntos Jurídicos e Patrimônio;Superior completo;funcao_confianca;1619;42;17010148.38
Secretaria de Assuntos Jurídicos e Patrimônio;Superior completo;comissionados;93;8;1342553.22
Secretaria de Assuntos Jurídicos e Patrimônio;Superior completo;flexiveis;27;3;22276.32
Secretaria de Assuntos Jurídicos e Patrimônio;Pos-graduacao;efetivos;992;18;31055302.25
Secretaria de Assuntos Jurídicos e Patrimônio;Pos-graduacao;funcao_confianca;111;3;2366530.45
Secretaria de Assuntos Jurídicos e Patrimônio;Mestrado;efetivos;76;1;2684823.31
Secretaria de Comunicação;Medio completo;efetivos;94;4;369309.54
Secretaria de Comunicação;Superior incompleto;flexiveis;295;26;300471.2
Secretaria de Comunicação;Superior completo;funcao_confianca;791;15;7888616.2
Secretaria de Comunicação;Superior completo;comissionados;497;33;7063563.19
Secretaria de Comunicação;Superior completo;efetivos;291;11;2418480.13
Secretaria de Comunicação;Pos-graduacao;funcao_confianca;106;2;1246110.68
Secretaria de Comunicação;Pos-graduacao;efetivos;35;1;730305.66
Secretaria de Comunicação;Pos-graduacao;comissionados;13;2;148834.46
Secretaria de Cultura;Fundamental incompleto;efetivos;122;4;471139.54
Secretaria de Cultura;Fundamental completo;efetivos;186;5;511438.71
Secretaria de Cultura;Medio incompleto;efetivos;71;1;387834.6
Secretaria de Cultura;Medio completo;efetivos;1098;29;4788199.6
Secretaria de Cultura;Medio completo;flexiveis;59;4;60938.24
Secretaria de Cultura;Superior incompleto;efetivos;157;3;1269013.1099999999
Secretaria de Cultura;Superior incompleto;flexiveis;980;101;988628.13
Secretaria de Cultura;Superior incompleto;funcao_confianca;51;2;398026.97
Secretaria de Cultura;Superior completo;efetivos;761;24;5063946.98
Secretaria de Cultura;Superior completo;comissionados;297;17;4383795.05
Secretaria de Cultura;Superior completo;funcao_confianca;351;7;3906137.5300000003
Secretaria de Cultura;Superior completo;flexiveis;43;4;43923.2
Secretaria de Cultura;Pos-graduacao;efetivos;335;8;3821998.6
Secretaria de Cultura;Pos-graduacao;comissionados;80;4;1047160.76
Secretaria de Cultura;Mestrado;efetivos;84;4;919812.12
Secretaria de Cultura;Mestrado;funcao_confianca;36;1;386083.01
Secretaria de Desenvolvimento Econômico, Trabalho e Turismo;Sem escolaridade formal registrada;inativos;14;1;48748.72
Secretaria de Desenvolvimento Econômico, Trabalho e Turismo;Fundamental incompleto;inativos;280;21;972072.78
Secretaria de Desenvolvimento Econômico, Trabalho e Turismo;Fundamental completo;inativos;673;54;3456661.38
Secretaria de Desenvolvimento Econômico, Trabalho e Turismo;Fundamental completo;efetivos;32;1;67574.05
Secretaria de Desenvolvimento Econômico, Trabalho e Turismo;Medio incompleto;inativos;14;1;37967.67
Secretaria de Desenvolvimento Econômico, Trabalho e Turismo;Medio incompleto;flexiveis;20;2;21780.399999999998
Secretaria de Desenvolvimento Econômico, Trabalho e Turismo;Medio completo;efetivos;354;15;1454749.46
Secretaria de Desenvolvimento Econômico, Trabalho e Turismo;Medio completo;inativos;155;11;1123145.04
Secretaria de Desenvolvimento Econômico, Trabalho e Turismo;Medio completo;flexiveis;45;6;43719.36
Secretaria de Desenvolvimento Econômico, Trabalho e Turismo;Superior incompleto;flexiveis;338;35;336311.83999999997
Secretaria de Desenvolvimento Econômico, Trabalho e Turismo;Superior incompleto;comissionados;6;1;96751.09
Secretaria de Desenvolvimento Econômico, Trabalho e Turismo;Superior incompleto;efetivos;13;1;71649.52
Secretaria de Desenvolvimento Econômico, Trabalho e Turismo;Superior completo;efetivos;1117;49;7749895.92
Secretaria de Desenvolvimento Econômico, Trabalho e Turismo;Superior completo;funcao_confianca;629;23;6054450.18
Secretaria de Desenvolvimento Econômico, Trabalho e Turismo;Superior completo;comissionados;171;20;2638452.2
Secretaria de Desenvolvimento Econômico, Trabalho e Turismo;Superior completo;inativos;102;8;1220503.93
Secretaria de Desenvolvimento Econômico, Trabalho e Turismo;Pos-graduacao;efetivos;145;5;1630907.1
Secretaria de Desenvolvimento Econômico, Trabalho e Turismo;Pos-graduacao;comissionados;123;9;1592368.32
Secretaria de Desenvolvimento Econômico, Trabalho e Turismo;Pos-graduacao;funcao_confianca;36;3;457749.49
Secretaria de Empreendedorismo da Micro e Pequena Empresa;Medio completo;efetivos;76;5;297862.62
Secretaria de Empreendedorismo da Micro e Pequena Empresa;Superior incompleto;flexiveis;16;3;16633.6
Secretaria de Empreendedorismo da Micro e Pequena Empresa;Superior completo;funcao_confianca;168;11;1767184.06
Secretaria de Empreendedorismo da Micro e Pequena Empresa;Superior completo;efetivos;198;12;1552829.39
Secretaria de Empreendedorismo da Micro e Pequena Empresa;Superior completo;comissionados;55;9;858461.54
Secretaria de Empreendedorismo da Micro e Pequena Empresa;Pos-graduacao;comissionados;38;5;700864.06
Secretaria de Esportes e Lazer;Fundamental incompleto;efetivos;95;2;506760.3
Secretaria de Esportes e Lazer;Fundamental completo;efetivos;390;11;1742020.59
Secretaria de Esportes e Lazer;Medio completo;efetivos;731;21;4095926.97
Secretaria de Esportes e Lazer;Medio completo;funcao_confianca;17;2;148620.08
Secretaria de Esportes e Lazer;Medio completo;comissionados;2;1;21043.48
Secretaria de Esportes e Lazer;Superior incompleto;flexiveis;655;55;688123.48
Secretaria de Esportes e Lazer;Superior incompleto;comissionados;13;1;219007.63
Secretaria de Esportes e Lazer;Superior incompleto;funcao_confianca;16;1;113924.19
Secretaria de Esportes e Lazer;Superior incompleto;efetivos;1;1;8822.08
Secretaria de Esportes e Lazer;Superior completo;efetivos;2067;60;21428399.59
Secretaria de Esportes e Lazer;Superior completo;comissionados;387;29;5543914.14
Secretaria de Esportes e Lazer;Superior completo;funcao_confianca;546;19;4529761.19
Secretaria de Esportes e Lazer;Superior completo;flexiveis;14;2;14108.32
Secretaria de Esportes e Lazer;Pos-graduacao;efetivos;822;14;9597331.47
Secretaria de Esportes e Lazer;Pos-graduacao;funcao_confianca;76;2;875166.52
Secretaria de Esportes e Lazer;Pos-graduacao;comissionados;4;1;45669.68
Secretaria de Esportes e Lazer;Mestrado;funcao_confianca;138;2;1699857.28
Secretaria de Esportes e Lazer;Mestrado;efetivos;4;1;70024.88
Secretaria de Gabinete Central;Fundamental completo;efetivos;1;1;454.86
Secretaria de Gabinete Central;Medio completo;efetivos;759;43;3217500.61
Secretaria de Gabinete Central;Medio completo;funcao_confianca;46;3;441399.27
Secretaria de Gabinete Central;Medio completo;flexiveis;33;3;33351.6
Secretaria de Gabinete Central;Medio completo;comissionados;3;1;32832.28
Secretaria de Gabinete Central;Superior incompleto;flexiveis;512;75;513679.36
Secretaria de Gabinete Central;Superior incompleto;efetivos;7;2;39566.32
Secretaria de Gabinete Central;Superior completo;efetivos;2537;102;23846203.51
Secretaria de Gabinete Central;Superior completo;funcao_confianca;1465;49;17490266.21
Secretaria de Gabinete Central;Superior completo;comissionados;476;49;7018783.2
Secretaria de Gabinete Central;Pos-graduacao;efetivos;652;21;9269227.03
Secretaria de Gabinete Central;Pos-graduacao;funcao_confianca;204;7;2664311.62
Secretaria de Gabinete Central;Pos-graduacao;comissionados;121;11;2095053.61
Secretaria de Gabinete Central;Mestrado;funcao_confianca;75;1;1423593.4
Secretaria de Governo;Fundamental incompleto;funcao_confianca;23;1;183474.85
Secretaria de Governo;Fundamental completo;efetivos;24;1;144873.19
Secretaria de Governo;Medio completo;efetivos;684;32;4627902.21
Secretaria de Governo;Medio completo;comissionados;33;2;569656.15
Secretaria de Governo;Medio completo;funcao_confianca;28;6;283156.8
Secretaria de Governo;Medio completo;flexiveis;71;6;75136.88
Secretaria de Governo;Superior incompleto;flexiveis;1409;176;1417989.52
Secretaria de Governo;Superior incompleto;efetivos;63;2;317687.58
Secretaria de Governo;Superior incompleto;comissionados;2;1;20422.13
Secretaria de Governo;Superior completo;funcao_confianca;1919;60;24004119.91
Secretaria de Governo;Superior completo;comissionados;1318;146;18713346.36
Secretaria de Governo;Superior completo;efetivos;1606;75;17505143.65
Secretaria de Governo;Superior completo;flexiveis;3;1;600.0
Secretaria de Governo;Pos-graduacao;efetivos;218;11;6203132.39
Secretaria de Governo;Pos-graduacao;funcao_confianca;169;10;2923179.31
Secretaria de Governo;Pos-graduacao;comissionados;110;15;1455700.92
Secretaria de Governo;Pos-graduacao;flexiveis;1;1;72.32
Secretaria de Governo;Mestrado;efetivos;1;1;30501.14
Secretaria de Inclusão e Transtorno do Espectro Autista;Medio completo;funcao_confianca;18;1;185120.07
Secretaria de Inclusão e Transtorno do Espectro Autista;Medio completo;efetivos;41;4;173289.62
Secretaria de Inclusão e Transtorno do Espectro Autista;Superior completo;comissionados;86;9;1445715.17
Secretaria de Inclusão e Transtorno do Espectro Autista;Superior completo;funcao_confianca;92;6;1175217.7
Secretaria de Inclusão e Transtorno do Espectro Autista;Superior completo;efetivos;2;2;20533.61
Secretaria de Inclusão e Transtorno do Espectro Autista;Pos-graduacao;efetivos;25;1;222734.58
Secretaria de Mobilidade;Fundamental completo;efetivos;166;12;947203.58
Secretaria de Mobilidade;Medio incompleto;flexiveis;23;1;22796.399999999998
Secretaria de Mobilidade;Medio completo;efetivos;457;26;3830044.0
Secretaria de Mobilidade;Medio completo;funcao_confianca;20;1;182482.51
Secretaria de Mobilidade;Medio completo;flexiveis;48;4;43130.88
Secretaria de Mobilidade;Superior incompleto;flexiveis;522;42;526189.1799999999
Secretaria de Mobilidade;Superior incompleto;efetivos;58;3;428997.77
Secretaria de Mobilidade;Superior completo;funcao_confianca;440;17;6237945.16
Secretaria de Mobilidade;Superior completo;efetivos;445;19;4693443.01
Secretaria de Mobilidade;Superior completo;comissionados;147;16;2061421.95
Secretaria de Mobilidade;Pos-graduacao;efetivos;51;1;661014.06
Secretaria de Mobilidade;Mestrado;efetivos;19;1;396688.72000000003
Secretaria de Parcerias;Medio completo;funcao_confianca;34;3;351130.92
Secretaria de Parcerias;Medio completo;efetivos;46;4;285586.99
Secretaria de Parcerias;Superior incompleto;flexiveis;187;19;193326.24
Secretaria de Parcerias;Superior completo;efetivos;554;33;5000860.36
Secretaria de Parcerias;Superior completo;comissionados;148;12;2485116.72
Secretaria de Parcerias;Superior completo;funcao_confianca;188;15;2162868.16
Secretaria de Parcerias;Pos-graduacao;efetivos;80;4;1110372.35
Secretaria de Parcerias;Pos-graduacao;comissionados;8;1;103076.38
Secretaria de Parcerias;Pos-graduacao;funcao_confianca;8;1;86130.12
Secretaria de Planejamento e Desenvolvimento Urbano;Fundamental completo;efetivos;130;4;582277.22
Secretaria de Planejamento e Desenvolvimento Urbano;Medio completo;efetivos;2653;76;16875933.82
Secretaria de Planejamento e Desenvolvimento Urbano;Medio completo;funcao_confianca;8;1;87911.0
Secretaria de Planejamento e Desenvolvimento Urbano;Medio completo;flexiveis;19;5;19219.52
Secretaria de Planejamento e Desenvolvimento Urbano;Superior incompleto;flexiveis;1457;131;1526674.88
Secretaria de Planejamento e Desenvolvimento Urbano;Superior incompleto;efetivos;117;2;621870.29
Secretaria de Planejamento e Desenvolvimento Urbano;Superior completo;efetivos;3914;96;33356940.44
Secretaria de Planejamento e Desenvolvimento Urbano;Superior completo;funcao_confianca;1380;34;15671665.77
Secretaria de Planejamento e Desenvolvimento Urbano;Superior completo;comissionados;218;22;3305943.1
Secretaria de Planejamento e Desenvolvimento Urbano;Superior completo;flexiveis;20;5;24353.84
Secretaria de Planejamento e Desenvolvimento Urbano;Pos-graduacao;efetivos;595;13;8399285.56
Secretaria de Planejamento e Desenvolvimento Urbano;Pos-graduacao;comissionados;23;3;250691.88
Secretaria de Planejamento e Desenvolvimento Urbano;Pos-graduacao;funcao_confianca;3;1;27656.99
Secretaria de Planejamento e Desenvolvimento Urbano;Mestrado;efetivos;3;1;39248.409999999996
Secretaria de Recursos Humanos;Fundamental completo;flexiveis;6;1;6139.44
Secretaria de Recursos Humanos;Medio incompleto;flexiveis;33;4;30671.76
Secretaria de Recursos Humanos;Medio completo;efetivos;1675;50;7266824.75
Secretaria de Recursos Humanos;Medio completo;funcao_confianca;35;3;310708.4
Secretaria de Recursos Humanos;Medio completo;flexiveis;217;27;218978.16
Secretaria de Recursos Humanos;Superior incompleto;funcao_confianca;104;2;1206617.1
Secretaria de Recursos Humanos;Superior incompleto;efetivos;152;4;895922.3200000001
Secretaria de Recursos Humanos;Superior incompleto;flexiveis;513;67;511743.92
Secretaria de Recursos Humanos;Superior completo;efetivos;3156;86;22166400.76
Secretaria de Recursos Humanos;Superior completo;funcao_confianca;1168;34;12626104.9
Secretaria de Recursos Humanos;Superior completo;comissionados;81;12;1096798.32
Secretaria de Recursos Humanos;Superior completo;flexiveis;15;2;15012.32
Secretaria de Recursos Humanos;Pos-graduacao;efetivos;890;20;10525550.42
Secretaria de Recursos Humanos;Pos-graduacao;funcao_confianca;305;6;2861483.01
Secretaria de Recursos Humanos;Pos-graduacao;comissionados;61;5;1188157.6300000001
Secretaria de Recursos Humanos;Doutorado;efetivos;79;1;703389.36
Secretaria de Relações Institucionais e Metropolitanas;Superior completo;comissionados;298;24;4234586.68
Secretaria de Relações Institucionais e Metropolitanas;Superior completo;funcao_confianca;266;12;2981165.73
Secretaria de Relações Institucionais e Metropolitanas;Superior completo;efetivos;140;7;1107894.81
Secretaria de Relações Institucionais e Metropolitanas;Pos-graduacao;funcao_confianca;73;3;877865.37
Secretaria de Relações Institucionais e Metropolitanas;Pos-graduacao;efetivos;20;1;248751.94
Secretaria de Relações Institucionais e Metropolitanas;Pos-graduacao;comissionados;4;2;49406.35
Secretaria de Relações do Trabalho e Qualificação Profissional;Fundamental completo;efetivos;41;1;120539.78
Secretaria de Relações do Trabalho e Qualificação Profissional;Medio incompleto;flexiveis;3;1;2518.08
Secretaria de Relações do Trabalho e Qualificação Profissional;Medio completo;efetivos;310;15;1129232.2
Secretaria de Relações do Trabalho e Qualificação Profissional;Medio completo;flexiveis;19;2;19062.239999999998
Secretaria de Relações do Trabalho e Qualificação Profissional;Superior incompleto;comissionados;23;1;478058.83
Secretaria de Relações do Trabalho e Qualificação Profissional;Superior incompleto;flexiveis;456;45;449233.12
Secretaria de Relações do Trabalho e Qualificação Profissional;Superior completo;efetivos;566;26;5100928.41
Secretaria de Relações do Trabalho e Qualificação Profissional;Superior completo;comissionados;156;17;2470902.69
Secretaria de Relações do Trabalho e Qualificação Profissional;Superior completo;funcao_confianca;179;6;1946248.49
Secretaria de Relações do Trabalho e Qualificação Profissional;Pos-graduacao;comissionados;21;2;314983.73
Secretaria de Relações do Trabalho e Qualificação Profissional;Pos-graduacao;efetivos;28;1;96705.67
Secretaria de Relações do Trabalho e Qualificação Profissional;Pos-graduacao;funcao_confianca;5;1;45534.21
Secretaria de Segurança Urbana;Fundamental incompleto;efetivos;537;12;2768656.32
Secretaria de Segurança Urbana;Fundamental completo;efetivos;763;17;6709546.52
Secretaria de Segurança Urbana;Medio incompleto;efetivos;465;10;4569074.76
Secretaria de Segurança Urbana;Medio completo;efetivos;15932;502;147748397.31
Secretaria de Segurança Urbana;Medio completo;funcao_confianca;16;2;214679.18
Secretaria de Segurança Urbana;Medio completo;flexiveis;30;3;31691.199999999997
Secretaria de Segurança Urbana;Superior incompleto;efetivos;958;16;8394302.07
Secretaria de Segurança Urbana;Superior incompleto;flexiveis;813;67;847921.44
Secretaria de Segurança Urbana;Superior incompleto;funcao_confianca;31;1;245051.49
Secretaria de Segurança Urbana;Superior incompleto;comissionados;4;1;58539.94
Secretaria de Segurança Urbana;Superior completo;efetivos;7404;142;84379627.27
Secretaria de Segurança Urbana;Superior completo;funcao_confianca;891;25;12816672.36
Secretaria de Segurança Urbana;Superior completo;comissionados;194;16;2995823.0300000003
Secretaria de Segurança Urbana;Pos-graduacao;efetivos;430;8;7164120.94
Secretaria de Segurança Urbana;Pos-graduacao;funcao_confianca;92;2;1992846.24
Secretaria de Segurança Urbana;Pos-graduacao;comissionados;24;2;400310.83
Secretaria de Segurança Urbana;Mestrado;efetivos;33;1;459565.73
Secretaria de Serviços Públicos e Obras;Sem escolaridade formal registrada;efetivos;105;3;516033.54
Secretaria de Serviços Públicos e Obras;Fundamental incompleto;efetivos;591;11;3731997.35
Secretaria de Serviços Públicos e Obras;Fundamental completo;efetivos;804;25;3657534.78
Secretaria de Serviços Públicos e Obras;Medio incompleto;efetivos;80;1;271481.51
Secretaria de Serviços Públicos e Obras;Medio completo;efetivos;2731;61;11519058.96
Secretaria de Serviços Públicos e Obras;Medio completo;flexiveis;13;1;13519.84
Secretaria de Serviços Públicos e Obras;Superior incompleto;efetivos;337;10;1977138.65
Secretaria de Serviços Públicos e Obras;Superior incompleto;funcao_confianca;63;2;607372.25
Secretaria de Serviços Públicos e Obras;Superior incompleto;flexiveis;116;12;117955.44
Secretaria de Serviços Públicos e Obras;Superior completo;efetivos;2761;76;26201672.32
Secretaria de Serviços Públicos e Obras;Superior completo;funcao_confianca;1270;37;13276042.53
Secretaria de Serviços Públicos e Obras;Superior completo;comissionados;659;46;9212059.040000001
Secretaria de Serviços Públicos e Obras;Pos-graduacao;efetivos;385;8;5004976.22
Secretaria de Serviços Públicos e Obras;Pos-graduacao;funcao_confianca;75;1;852215.55
Secretaria de Serviços Públicos e Obras;Pos-graduacao;comissionados;4;2;93426.24
Secretaria de Serviços Públicos e Obras;Mestrado;efetivos;64;2;794424.86
Secretaria de Serviços Públicos e Obras;Mestrado;funcao_confianca;35;1;374789.37
Secretaria de Serviços Públicos e Obras;Mestrado;comissionados;2;1;29278.76
Secretaria de Turismo;Medio completo;efetivos;35;2;158547.56
Secretaria de Turismo;Superior incompleto;flexiveis;43;7;44146.32
Secretaria de Turismo;Superior completo;comissionados;107;9;1684987.77
Secretaria de Turismo;Superior completo;efetivos;52;5;551702.48
Secretaria de Turismo;Superior completo;funcao_confianca;26;4;252158.58000000002
Secretaria de Turismo;Pos-graduacao;funcao_confianca;24;1;311710.33
Secretaria de Turismo;Pos-graduacao;efetivos;22;1;244274.98
Secretaria de Turismo;Pos-graduacao;comissionados;1;1;21293.36
Secretaria de Urbanismo e Licenciamento;Fundamental completo;efetivos;30;3;110940.25
Secretaria de Urbanismo e Licenciamento;Medio completo;efetivos;487;40;2465567.23
Secretaria de Urbanismo e Licenciamento;Superior incompleto;flexiveis;323;52;343541.47
Secretaria de Urbanismo e Licenciamento;Superior incompleto;efetivos;47;3;156850.26
Secretaria de Urbanismo e Licenciamento;Superior completo;efetivos;992;88;6779742.41
Secretaria de Urbanismo e Licenciamento;Superior completo;funcao_confianca;317;28;2855746.37
Secretaria de Urbanismo e Licenciamento;Superior completo;comissionados;53;5;697610.13
Secretaria de Urbanismo e Licenciamento;Superior completo;flexiveis;38;4;39296.56
Secretaria de Urbanismo e Licenciamento;Pos-graduacao;efetivos;136;11;1787840.82
Secretaria de Urbanismo e Licenciamento;Pos-graduacao;funcao_confianca;22;2;187892.94999999998
Secretaria de Urbanismo e Licenciamento;Mestrado;efetivos;15;1;145945.63
Secretaria de Urbanismo e Licenciamento;Doutorado;efetivos;3;1;49067.89
Secretaria do Meio Ambiente, Parques e Jardins;Sem escolaridade formal registrada;efetivos;122;3;685031.04
Secretaria do Meio Ambiente, Parques e Jardins;Fundamental incompleto;efetivos;140;2;780440.42
Secretaria do Meio Ambiente, Parques e Jardins;Fundamental completo;efetivos;288;6;1447220.35
Secretaria do Meio Ambiente, Parques e Jardins;Medio incompleto;efetivos;25;1;188335.02
Secretaria do Meio Ambiente, Parques e Jardins;Medio completo;efetivos;800;36;4209485.93
Secretaria do Meio Ambiente, Parques e Jardins;Medio completo;funcao_confianca;25;4;198859.23
Secretaria do Meio Ambiente, Parques e Jardins;Superior incompleto;flexiveis;1080;108;1094470.3599999999
Secretaria do Meio Ambiente, Parques e Jardins;Superior incompleto;efetivos;203;6;745667.89
Secretaria do Meio Ambiente, Parques e Jardins;Superior incompleto;funcao_confianca;76;4;573676.4
Secretaria do Meio Ambiente, Parques e Jardins;Superior completo;efetivos;2916;93;27978712.34
Secretaria do Meio Ambiente, Parques e Jardins;Superior completo;funcao_confianca;1229;43;12913953.74
Secretaria do Meio Ambiente, Parques e Jardins;Superior completo;comissionados;282;41;4015165.29
Secretaria do Meio Ambiente, Parques e Jardins;Pos-graduacao;efetivos;255;7;2102540.33
Secretaria do Meio Ambiente, Parques e Jardins;Pos-graduacao;funcao_confianca;124;5;1103022.28
Secretaria do Meio Ambiente, Parques e Jardins;Pos-graduacao;comissionados;10;1;167534.56
Secretaria do Meio Ambiente, Parques e Jardins;Mestrado;efetivos;230;4;2007331.0
Secretaria do Meio Ambiente, Parques e Jardins;Doutorado;efetivos;148;2;1955464.99
