secretaria;escolaridade_canonica;num_registros;num_matriculas;folha_total;folha_media;folha_mediana
Chefia do Poder Executivo;Sem escolaridade formal registrada;180;13;542331.09;3012.9505;2909.385
Chefia do Poder Executivo;Fundamental incompleto;516;41;1782481.04;3454.4206201550387;3545.54
Chefia do Poder Executivo;Fundamental completo;1307;98;4804012.96;3675.6028768171386;3546.9
Chefia do Poder Executivo;Medio incompleto;28;2;77793.91;2778.3539285714287;2814.0299999999997
Chefia do Poder Executivo;Medio completo;161;12;1388977.05;8627.186645962733;5582.55
Chefia do Poder Executivo;Superior incompleto;9;1;9799.36;1088.8177777777778;1084.8
Chefia do Poder Executivo;Superior completo;250;22;4497633.22;17990.53288;20801.23
Chefia do Poder Executivo;Pos-graduacao;81;8;434563.76;5364.984691358025;3076.3
Inativos e Pensionistas (Encargos);Sem escolaridade formal registrada;579;15;1937473.15;3346.240328151986;3275.55
Inativos e Pensionistas (Encargos);Fundamental incompleto;2615;63;9932508.73;3798.2824971319314;3823.27
Inativos e Pensionistas (Encargos);Fundamental completo;6391;171;29400828.29;4600.3486606164915;4087.0
Inativos e Pensionistas (Encargos);Medio incompleto;128;4;396512.23;3097.751796875;3249.32
Inativos e Pensionistas (Encargos);Medio completo;933;20;6895644.49;7390.830107181137;6822.16
Inativos e Pensionistas (Encargos);Superior completo;615;17;6356688.23;10336.078422764229;8758.28
Inativos e Pensionistas (Encargos);Pos-graduacao;203;7;592435.74;2918.402660098522;2805.14
Secretaria da Cidadania;Fundamental incompleto;14;1;66464.56;4747.4685714285715;4582.705
Secretaria da Cidadania;Fundamental completo;37;1;135449.24;3660.79027027027;4217.44
Secretaria da Cidadania;Medio completo;3065;94;13501601.37;4405.090169657422;3952.79
Secretaria da Cidadania;Superior incompleto;426;31;1410137.45;3310.181807511737;2806.71
Secretaria da Cidadania;Superior completo;12703;312;97164055.57;7648.906208769581;6890.35
Secretaria da Cidadania;Pos-graduacao;2479;45;23358337.32;9422.483791851553;8429.06
Secretaria da Cidadania;Mestrado;93;5;931864.3;10020.046236559141;9122.12
Secretaria da Cidadania;Doutorado;69;1;690037.75;10000.547101449276;9815.21
Secretaria da Educação;Sem escolaridade formal registrada;133;3;546142.88;4106.337443609023;4054.55
Secretaria da Educação;Fundamental incompleto;192;7;725711.76;3779.74875;3659.785
Secretaria da Educação;Fundamental completo;4437;120;13132512.67;2959.7729704755466;3308.76
Secretaria da Educação;Medio incompleto;373;7;1250578.48;3352.7573190348526;3555.98
Secretaria da Educação;Medio completo;95107;2646;314328147.23;3304.994871355421;3491.88
Secretaria da Educação;Superior incompleto;44351;3354;68226307.28;1538.326244729544;1084.8
Secretaria da Educação;Superior completo;241746;9674;1199168060.45;4960.446338098665;3740.08
Secretaria da Educação;Pos-graduacao;106719;2227;1067266000.32;10000.712153599641;9952.43
Secretaria da Educação;Mestrado;4693;81;65364324.47;13928.046978478586;12673.9
Secretaria da Educação;Doutorado;834;15;11208469.75;13439.41217026379;12708.85
Secretaria da Fazenda;Fundamental completo;77;2;221554.51;2877.3312987012987;3419.61
Secretaria da Fazenda;Medio incompleto;55;2;356084.56;6474.264727272727;5110.35
Secretaria da Fazenda;Medio completo;2411;81;9019422.92;3740.9468768146;3498.04
Secretaria da Fazenda;Superior incompleto;451;36;1078149.38;2390.5751219512194;1084.8
Secretaria da Fazenda;Superior completo;8806;165;84114751.91;9551.981820349762;7757.870000000001
Secretaria da Fazenda;Pos-graduacao;1211;22;17419561.76;14384.444062758053;14394.66
Secretaria da Habitação e Regularização Fundiária;Medio completo;399;17;1555708.12;3899.017844611529;3788.73
Secretaria da Habitação e Regularização Fundiária;Superior incompleto;274;21;378211.35;1380.3333941605838;1084.8
Secretaria da Habitação e Regularização Fundiária;Superior completo;1696;51;16012949.26;9441.597441037735;9372.69
Secretaria da Habitação e Regularização Fundiária;Pos-graduacao;232;4;2899263.8;12496.82672413793;11552.465
Secretaria da Habitação e Regularização Fundiária;Mestrado;76;2;1100305.68;14477.706315789474;17617.8
Secretaria da Mulher;Medio completo;6;1;144715.81;24119.301666666666;17067.300000000003
Secretaria da Mulher;Superior incompleto;4;4;1930.24;482.56;482.56
Secretaria da Mulher;Superior completo;172;15;2449464.46;14241.072441860464;14728.310000000001
Secretaria da Mulher;Pos-graduacao;47;3;549816.49;11698.223191489362;12555.59
Secretaria da Mulher;Mestrado;18;1;646224.5;35901.36111111111;37498.235
Secretaria da Saúde;Fundamental incompleto;612;12;4213516.81;6884.831388888888;6679.235
Secretaria da Saúde;Fundamental completo;4335;74;19656874.96;4534.457891580161;4387.5
Secretaria da Saúde;Medio incompleto;464;9;2395651.26;5163.0415086206895;4869.49
Secretaria da Saúde;Medio completo;72478;1603;386713467.71;5335.597942962002;5147.950000000001
Secretaria da Saúde;Superior incompleto;5223;256;21362674.58;4090.1157533984297;2912.22
Secretaria da Saúde;Superior completo;74514;1591;851483182.83;11427.15708229326;9048.785
Secretaria da Saúde;Pos-graduacao;23950;383;385497544.38;16095.930871816283;13543.635
Secretaria da Saúde;Mestrado;2925;47;44848383.42;15332.780656410258;12328.64
Secretaria da Saúde;Doutorado;1199;19;20954365.81;17476.53528773978;15109.63
Secretaria de Administração;Fundamental incompleto;826;14;5657343.64;6849.084309927361;6609.21
Secretaria de Administração;Fundamental completo;617;11;3047653.64;4939.4710534846035;4723.42
Secretaria de Administração;Medio incompleto;339;12;1798164.55;5304.320206489676;6040.3
Secretaria de Administração;Medio completo;2654;87;11809375.95;4449.651827430293;4062.6
Secretaria de Administração;Superior incompleto;2336;201;3556694.67;1522.5576498287671;1084.8
Secretaria de Administração;Superior completo;8465;225;71925522.95;8496.81310691081;7482.87
Secretaria de Administração;Pos-graduacao;1156;39;15612281.07;13505.433451557094;10208.775
Secretaria de Assuntos Jurídicos e Patrimônio;Fundamental completo;144;3;745084.79;5174.1999305555555;4648.53
Secretaria de Assuntos Jurídicos e Patrimônio;Medio completo;1576;57;6582162.46;4176.4990228426395;3720.65
Secretaria de Assuntos Jurídicos e Patrimônio;Superior incompleto;556;74;608911.65;1095.1648381294965;1075.56
Secretaria de Assuntos Jurídicos e Patrimônio;Superior completo;5631;146;85556540.36;15193.844851713728;9891.55
Secretaria de Assuntos Jurídicos e Patrimônio;Pos-graduacao;1103;19;33421832.7;30300.84560290118;26936.93
Secretaria de Assuntos Jurídicos e Patrimônio;Mestrado;76;1;2684823.31;35326.6225;37713.884999999995
Secretaria de Comunicação;Medio completo;94;4;369309.54;3928.824893617021;4121.65
Secretaria de Comunicação;Superior incompleto;295;26;300471.2;1018.5464406779662;1084.8
Secretaria de Comunicação;Superior completo;1579;53;17370659.52;11001.050994300189;10647.0
Secretaria de Comunicação;Pos-graduacao;154;5;2125250.8;13800.329870129868;12185.62
Secretaria de Cultura;Fundamental incompleto;122;4;471139.54;3861.799508196721;3589.57
Secretaria de Cultura;Fundamental completo;186;5;511438.71;2749.670483870968;2451.035
Secretaria de Cultura;Medio incompleto;71;1;387834.6;5462.459154929577;5633.8
Secretaria de Cultura;Medio completo;1157;33;4849137.84;4191.130371650821;3952.8
Secretaria de Cultura;Superior incompleto;1188;104;2655668.21;2235.4109511784513;1084.8
Secretaria de Cultura;Superior completo;1452;49;13397802.76;9227.136887052342;8045.83
Secretaria de Cultura;Pos-graduacao;415;12;4869159.36;11732.914120481928;9935.14
Secretaria de Cultura;Mestrado;120;4;1305895.13;10882.459416666667;9580.52
Secretaria de Desenvolvimento Econômico, Trabalho e Turismo;Sem escolaridade formal registrada;14;1;48748.72;3482.0514285714285;3716.2
Secretaria de Desenvolvimento Econômico, Trabalho e Turismo;Fundamental incompleto;280;21;972072.78;3471.6885;3534.4
Secretaria de Desenvolvimento Econômico, Trabalho e Turismo;Fundamental completo;705;55;3524235.43;4998.9155035461;4169.76
Secretaria de Desenvolvimento Econômico, Trabalho e Turismo;Medio incompleto;34;3;59748.07;1757.2961764705883;1084.8
Secretaria de Desenvolvimento Econômico, Trabalho e Turismo;Medio completo;554;32;2621613.86;4732.1549819494585;3252.02
Secretaria de Desenvolvimento Econômico, Trabalho e Turismo;Superior incompleto;357;37;504712.45;1413.7603641456583;1084.8
Secretaria de Desenvolvimento Econômico, Trabalho e Turismo;Superior completo;2019;88;17663302.23;8748.539985141158;7780.18
Secretaria de Desenvolvimento Econômico, Trabalho e Turismo;Pos-graduacao;304;15;3681024.91;12108.63457236842;12185.62
Secretaria de Empreendedorismo da Micro e Pequena Empresa;Medio completo;76;5;297862.62;3919.245;4125.1900000000005
Secretaria de Empreendedorismo da Micro e Pequena Empresa;Superior incompleto;16;3;16633.6;1039.6;1084.8
Secretaria de Empreendedorismo da Micro e Pequena Empresa;Superior completo;421;29;4178474.99;9925.118741092638;9945.3
Secretaria de Empreendedorismo da Micro e Pequena Empresa;Pos-graduacao;38;5;700864.06;18443.79105263158;19383.67
Secretaria de Esportes e Lazer;Fundamental incompleto;95;2;506760.3;5334.318947368421;5389.06
Secretaria de Esportes e Lazer;Fundamental completo;390;11;1742020.59;4466.7194615384615;4257.73
Secretaria de Esportes e Lazer;Medio completo;750;22;4265590.53;5687.4540400000005;4600.530000000001
Secretaria de Esportes e Lazer;Superior incompleto;685;58;1029877.38;1503.4706277372263;1084.8
Secretaria de Esportes e Lazer;Superior completo;3014;96;31516183.24;10456.596960849369;8998.8
Secretaria de Esportes e Lazer;Pos-graduacao;902;16;10518167.67;11660.939767184036;8836.34
Secretaria de Esportes e Lazer;Mestrado;142;2;1769882.1600000001;12463.958873239437;12052.04
Secretaria de Gabinete Central;Fundamental completo;1;1;454.86;454.86;454.86
Secretaria de Gabinete Central;Medio completo;841;48;3725083.76;4429.350487514863;4001.57
Secretaria de Gabinete Central;Superior incompleto;519;77;553245.6799999999;1065.9839691714835;1084.8
Secretaria de Gabinete Central;Superior completo;4478;180;48355252.92;10798.403957123717;10007.279999999999
Secretaria de Gabinete Central;Pos-graduacao;977;34;14028592.26;14358.84571136131;11794.67
Secretaria de Gabinete Central;Mestrado;75;1;1423593.4;18981.245333333332;18930.37
Secretaria de Governo;Fundamental incompleto;23;1;183474.85;7977.167391304348;7711.7
Secretaria de Governo;Fundamental completo;24;1;144873.19;6036.3829166666665;6386.995
Secretaria de Governo;Medio completo;816;42;5555852.04;6808.642205882353;4599.31
Secretaria de Governo;Superior incompleto;1474;179;1756099.23;1191.3834667571234;1084.8
Secretaria de Governo;Superior completo;4846;261;60223209.92;12427.406091621957;12185.62
Secretaria de Governo;Pos-graduacao;498;33;10582084.94;21249.166546184737;16100.77
Secretaria de Governo;Mestrado;1;1;30501.14;30501.14;30501.14
Secretaria de Inclusão e Transtorno do Espectro Autista;Medio completo;59;4;358409.69;6074.740508474576;4422.33
Secretaria de Inclusão e Transtorno do Espectro Autista;Superior completo;180;14;2641466.48;14674.813777777777;14683.61
Secretaria de Inclusão e Transtorno do Espectro Autista;Pos-graduacao;25;1;222734.58;8909.3832;10150.29
Secretaria de Mobilidade;Fundamental completo;166;12;947203.58;5706.045662650602;5612.68
Secretaria de Mobilidade;Medio incompleto;23;1;22796.399999999998;991.1478260869565;1084.8
Secretaria de Mobilidade;Medio completo;525;31;4055657.39;7725.061695238095;4708.71
Secretaria de Mobilidade;Superior incompleto;580;45;955186.95;1646.8740517241379;1084.8
Secretaria de Mobilidade;Superior completo;1032;48;12992810.12;12589.932286821704;10676.915
Secretaria de Mobilidade;Pos-graduacao;51;1;661014.06;12961.060000000001;12484.66
Secretaria de Mobilidade;Mestrado;19;1;396688.72000000003;20878.353684210528;20340.64
Secretaria de Parcerias;Medio completo;80;6;636717.91;7958.973875000001;8986.63
Secretaria de Parcerias;Superior incompleto;187;19;193326.24;1033.8301604278074;1084.8
Secretaria de Parcerias;Superior completo;890;51;9648845.24;10841.399146067415;9770.02
Secretaria de Parcerias;Pos-graduacao;96;5;1299578.85;13537.2796875;14397.385
Secretaria de Planejamento e Desenvolvimento Urbano;Fundamental completo;130;4;582277.22;4479.055538461538;4519.77
Secretaria de Planejamento e Desenvolvimento Urbano;Medio completo;2680;81;16983064.34;6336.964305970149;5517.98
Secretaria de Planejamento e Desenvolvimento Urbano;Superior incompleto;1574;133;2148545.17;1365.0223443456161;1084.8
Secretaria de Planejamento e Desenvolvimento Urbano;Superior completo;5532;146;52358903.15;9464.733035068692;8767.835
Secretaria de Planejamento e Desenvolvimento Urbano;Pos-graduacao;621;16;8677634.43;13973.646425120773;12441.22
Secretaria de Planejamento e Desenvolvimento Urbano;Mestrado;3;1;39248.409999999996;13082.803333333331;13805.07
Secretaria de Recursos Humanos;Fundamental completo;6;1;6139.44;1023.2399999999999;1084.8
Secretaria de Recursos Humanos;Medio incompleto;33;4;30671.76;929.4472727272727;1084.8
Secretaria de Recursos Humanos;Medio completo;1927;77;7796511.31;4045.9321795537103;4154.63
Secretaria de Recursos Humanos;Superior incompleto;769;72;2614283.34;3399.5882184655393;1084.8
Secretaria de Recursos Humanos;Superior completo;4420;115;35904316.3;8123.148484162895;7496.475
Secretaria de Recursos Humanos;Pos-graduacao;1256;26;14575191.06;11604.45148089172;9681.885
Secretaria de Recursos Humanos;Doutorado;79;1;703389.36;8903.662784810127;7526.83
Secretaria de Relações Institucionais e Metropolitanas;Superior completo;704;40;8323647.22;11823.36252840909;11742.52
Secretaria de Relações Institucionais e Metropolitanas;Pos-graduacao;97;5;1176023.66;12123.955257731957;12258.38
Secretaria de Relações do Trabalho e Qualificação Profissional;Fundamental completo;41;1;120539.78;2939.9946341463415;3138.13
Secretaria de Relações do Trabalho e Qualificação Profissional;Medio incompleto;3;1;2518.08;839.36;1084.8
Secretaria de Relações do Trabalho e Qualificação Profissional;Medio completo;329;17;1148294.44;3490.2566565349543;3787.69
Secretaria de Relações do Trabalho e Qualificação Profissional;Superior incompleto;479;46;927291.9500000001;1935.8913361169105;1084.8
Secretaria de Relações do Trabalho e Qualificação Profissional;Superior completo;901;47;9518079.59;10563.906315205328;8610.65
Secretaria de Relações do Trabalho e Qualificação Profissional;Pos-graduacao;54;3;457223.61;8467.103888888889;4692.985
Secretaria de Segurança Urbana;Fundamental incompleto;537;12;2768656.32;5155.784581005586;5033.92
Secretaria de Segurança Urbana;Fundamental completo;763;17;6709546.52;8793.638951507208;8437.17
Secretaria de Segurança Urbana;Medio incompleto;465;10;4569074.76;9825.967225806451;8976.06
Secretaria de Segurança Urbana;Medio completo;15978;505;147994767.69;9262.408792714983;8244.365
Secretaria de Segurança Urbana;Superior incompleto;1806;84;9545814.94;5285.611816168327;2601.1949999999997
Secretaria de Segurança Urbana;Superior completo;8489;166;100192122.66;11802.58247850159;10540.46
Secretaria de Segurança Urbana;Pos-graduacao;546;11;9557278.01;17504.172179487177;15912.56
Secretaria de Segurança Urbana;Mestrado;33;1;459565.73;13926.234242424242;15003.84
Secretaria de Serviços Públicos e Obras;Sem escolaridade formal registrada;105;3;516033.54;4914.605142857143;4937.94
Secretaria de Serviços Públicos e Obras;Fundamental incompleto;591;11;3731997.35;6314.716328257191;6440.61
Secretaria de Serviços Públicos e Obras;Fundamental completo;804;25;3657534.78;4549.172611940298;4177.86
Secretaria de Serviços Públicos e Obras;Medio incompleto;80;1;271481.51;3393.518875;3656.19
Secretaria de Serviços Públicos e Obras;Medio completo;2744;62;11532578.8;4202.834839650146;4077.0699999999997
Secretaria de Serviços Públicos e Obras;Superior incompleto;516;22;2702466.34;5237.337868217054;4009.2799999999997
Secretaria de Serviços Públicos e Obras;Superior completo;4690;143;48689773.89;10381.614901918976;9457.52
Secretaria de Serviços Públicos e Obras;Pos-graduacao;464;10;5950618.01;12824.607780172413;10774.68
Secretaria de Serviços Públicos e Obras;Mestrado;101;3;1198492.99;11866.267227722772;11089.49
Secretaria de Turismo;Medio completo;35;2;158547.56;4529.930285714286;4725.06
Secretaria de Turismo;Superior incompleto;43;7;44146.32;1026.6586046511627;1084.8
Secretaria de Turismo;Superior completo;185;18;2488848.83;13453.23691891892;14410.49
Secretaria de Turismo;Pos-graduacao;47;3;577278.67;12282.524893617023;12857.83
Secretaria de Urbanismo e Licenciamento;Fundamental completo;30;3;110940.25;3698.008333333333;3756.91
Secretaria de Urbanismo e Licenciamento;Medio completo;487;40;2465567.23;5062.766386036961;4028.56
Secretaria de Urbanismo e Licenciamento;Superior incompleto;370;55;500391.73;1352.410081081081;1084.8
Secretaria de Urbanismo e Licenciamento;Superior completo;1400;117;10372395.47;7408.853907142858;6769.805
Secretaria de Urbanismo e Licenciamento;Pos-graduacao;158;11;1975733.77;12504.64411392405;10063.1
Secretaria de Urbanismo e Licenciamento;Mestrado;15;1;145945.63;9729.708666666667;10613.13
Secretaria de Urbanismo e Licenciamento;Doutorado;3;1;49067.89;16355.963333333333;16833.55
Secretaria do Meio Ambiente, Parques e Jardins;Sem escolaridade formal registrada;122;3;685031.04;5615.008524590165;5241.29
Secretaria do Meio Ambiente, Parques e Jardins;Fundamental incompleto;140;2;780440.42;5574.574428571429;5446.33
Secretaria do Meio Ambiente, Parques e Jardins;Fundamental completo;288;6;1447220.35;5025.070659722222;5120.225
Secretaria do Meio Ambiente, Parques e Jardins;Medio incompleto;25;1;188335.02;7533.400799999999;6828.08
Secretaria do Meio Ambiente, Parques e Jardins;Medio completo;825;37;4408345.16;5343.448678787879;4596.97
Secretaria do Meio Ambiente, Parques e Jardins;Superior incompleto;1359;117;2413814.65;1776.1697203826343;1084.8
Secretaria do Meio Ambiente, Parques e Jardins;Superior completo;4427;158;44907831.37;10144.077562683533;9126.16
Secretaria do Meio Ambiente, Parques e Jardins;Pos-graduacao;389;11;3373097.17;8671.200951156812;8377.61
Secretaria do Meio Ambiente, Parques e Jardins;Mestrado;230;4;2007331.0;8727.52608695652;8512.7
Secretaria do Meio Ambiente, Parques e Jardins;Doutorado;148;2;1955464.99;13212.601283783784;12134.11
