secretaria;faixa_tempo;num_registros;num_matriculas;folha_total;folha_media
Chefia do Poder Executivo;0-5;87;7;1478933.0999999999;16999.231034482757
Chefia do Poder Executivo;6-10;262;20;1115891.52;4259.127938931298
Chefia do Poder Executivo;11-15;315;26;1589319.43;5045.458507936508
Chefia do Poder Executivo;16-20;297;23;1385652.58;4665.496902356903
Chefia do Poder Executivo;21-25;269;17;2435589.75;9054.236988847584
Chefia do Poder Executivo;26-30;193;14;603512.76;3127.0091191709844
Chefia do Poder Executivo;30+;1109;90;4928693.25;4444.268034265104
Inativos e Pensionistas (Encargos);0-5;51;1;181296.13999999998;3554.8262745098036
Inativos e Pensionistas (Encargos);6-10;1004;22;4474846.81;4457.018735059761
Inativos e Pensionistas (Encargos);11-15;946;21;4566218.59;4826.869545454545
Inativos e Pensionistas (Encargos);16-20;1053;24;4962054.85;4712.302801519468
Inativos e Pensionistas (Encargos);21-25;721;21;3412665.07;4733.238654646324
Inativos e Pensionistas (Encargos);26-30;1123;28;4856136.96;4324.25374888691
Inativos e Pensionistas (Encargos);30+;6566;197;33058872.44;5034.857209869023
Secretaria da Cidadania;0-5;4475;147;25741995.11;5752.401141899441
Secretaria da Cidadania;6-10;1958;46;12788840.44;6531.583472931563
Secretaria da Cidadania;11-15;7013;125;48638004.17;6935.406269784686
Secretaria da Cidadania;16-20;2273;44;22377496.51;9844.917074351079
Secretaria da Cidadania;21-25;19;1;342260.58;18013.714736842107
Secretaria da Cidadania;26-30;2;1;30399.65;15199.825
Secretaria da Cidadania;30+;3146;148;27338951.1;8690.067101080738
Secretaria da Educação;0-5;126966;5581;519708362.87;4093.287674416773
Secretaria da Educação;6-10;81032;2150;400004618.26;4936.378446292822
Secretaria da Educação;11-15;124760;2981;765191016.88;6133.304078871433
Secretaria da Educação;16-20;66548;1403;517090678.75;7770.191121446174
Secretaria da Educação;21-25;31485;840;257902779.34;8191.290434810227
Secretaria da Educação;26-30;2942;112;22867624.88;7772.816070700203
Secretaria da Educação;30+;64852;5289;258451174.31;3985.2460110713623
Secretaria da Fazenda;0-5;990;34;4863225.79;4912.349282828282
Secretaria da Fazenda;6-10;2581;46;16466890.91;6380.042971716389
Secretaria da Fazenda;11-15;2848;54;19765650.89;6940.186408005618
Secretaria da Fazenda;16-20;4666;71;53923476.76;11556.681688812687
Secretaria da Fazenda;21-25;70;1;344695.95;4924.227857142857
Secretaria da Fazenda;30+;1856;109;16845584.74;9076.284881465517
Secretaria da Habitação e Regularização Fundiária;0-5;579;18;4807761.94;8303.561208981002
Secretaria da Habitação e Regularização Fundiária;6-10;298;7;2456863.32;8244.507785234899
Secretaria da Habitação e Regularização Fundiária;11-15;665;15;5542513.58;8334.606887218046
Secretaria da Habitação e Regularização Fundiária;16-20;593;11;6597010.85;11124.80750421585
Secretaria da Habitação e Regularização Fundiária;30+;542;44;2542288.52;4690.569225092251
Secretaria da Mulher;0-5;111;12;1395017.31;12567.723513513514
Secretaria da Mulher;6-10;3;3;56069.87;18689.95666666667
Secretaria da Mulher;11-15;61;4;783893.81;12850.718196721313
Secretaria da Mulher;16-20;36;2;840537.23;23348.256388888887
Secretaria da Mulher;30+;36;6;716633.28;19906.48
Secretaria da Saúde;0-5;28613;1077;203278425.11;7104.407965260546
Secretaria da Saúde;6-10;9123;255;67150559.32;7360.578682450948
Secretaria da Saúde;11-15;60789;890;454999917.25;7484.905447531626
Secretaria da Saúde;16-20;44810;651;476594954.49;10635.906147958045
Secretaria da Saúde;21-25;15684;232;212285585.24;13535.168658505483
Secretaria da Saúde;26-30;2813;49;51583045.0;18337.378243867755
Secretaria da Saúde;30+;23868;1067;271233175.35;11363.883666415286
Secretaria de Administração;0-5;1964;88;9900743.49;5041.111756619145
Secretaria de Administração;6-10;1676;33;12546631.01;7486.056688544152
Secretaria de Administração;11-15;4988;105;38072954.34;7632.909851643946
Secretaria de Administração;16-20;1900;40;16445689.22;8655.625905263158
Secretaria de Administração;21-25;3;2;62422.93;20807.643333333333
Secretaria de Administração;26-30;49;2;763101.61;15573.502244897958
Secretaria de Administração;30+;5813;335;35615493.87;6126.869752279374
Secretaria de Assuntos Jurídicos e Patrimônio;0-5;1889;65;23277300.27;12322.551757543673
Secretaria de Assuntos Jurídicos e Patrimônio;6-10;1884;37;28243252.09;14991.110451167728
Secretaria de Assuntos Jurídicos e Patrimônio;11-15;2276;47;30344135.7;13332.221309314587
Secretaria de Assuntos Jurídicos e Patrimônio;16-20;1404;27;22750612.14;16204.139700854701
Secretaria de Assuntos Jurídicos e Patrimônio;21-25;10;1;90817.43;9081.742999999999
Secretaria de Assuntos Jurídicos e Patrimônio;30+;1623;126;24893237.64;15337.792754158965
Secretaria de Comunicação;0-5;334;20;2885883.92;8640.371017964071
Secretaria de Comunicação;6-10;366;6;3381691.25;9239.593579234972
Secretaria de Comunicação;11-15;407;9;4026756.96;9893.751744471745
Secretaria de Comunicação;16-20;369;5;3887002.91;10533.88322493225
Secretaria de Comunicação;30+;646;49;5984356.02;9263.709009287924
Secretaria de Cultura;0-5;637;36;4079927.12;6404.9091365777085
Secretaria de Cultura;6-10;292;16;925621.84;3169.937808219178
Secretaria de Cultura;11-15;1464;25;10475334.08;7155.282841530055
Secretaria de Cultura;16-20;319;7;2269120.88;7113.2315987460815
Secretaria de Cultura;30+;1999;130;10698072.23;5351.711970985493
Secretaria de Desenvolvimento Econômico, Trabalho e Turismo;0-5;318;21;1960882.7;6166.297798742138
Secretaria de Desenvolvimento Econômico, Trabalho e Turismo;6-10;710;27;2764927.35;3894.2638732394366
Secretaria de Desenvolvimento Econômico, Trabalho e Turismo;11-15;604;21;5245068.24;8683.887814569536
Secretaria de Desenvolvimento Econômico, Trabalho e Turismo;16-20;520;15;4313180.11;8294.577134615385
Secretaria de Desenvolvimento Econômico, Trabalho e Turismo;26-30;100;9;597641.09;5976.4109
Secretaria de Desenvolvimento Econômico, Trabalho e Turismo;30+;2015;164;14193758.96;7044.049111662532
Secretaria de Empreendedorismo da Micro e Pequena Empresa;0-5;135;14;1151131.12;8526.897185185186
Secretaria de Empreendedorismo da Micro e Pequena Empresa;6-10;125;10;1257870.84;10062.96672
Secretaria de Empreendedorismo da Micro e Pequena Empresa;11-15;119;7;791204.48;6648.777142857142
Secretaria de Empreendedorismo da Micro e Pequena Empresa;16-20;123;5;1189354.46;9669.548455284552
Secretaria de Empreendedorismo da Micro e Pequena Empresa;30+;49;8;804274.37;16413.762653061225
Secretaria de Esportes e Lazer;0-5;1103;52;7084581.43;6423.0112692656385
Secretaria de Esportes e Lazer;6-10;527;13;2618681.31;4969.034743833017
Secretaria de Esportes e Lazer;11-15;1433;23;10873896.19;7588.203900907188
Secretaria de Esportes e Lazer;16-20;516;12;5546767.8;10749.55
Secretaria de Esportes e Lazer;30+;2399;114;25224555.14;10514.612396832013
Secretaria de Gabinete Central;0-5;1358;95;7894075.81;5813.016060382915
Secretaria de Gabinete Central;6-10;642;32;6182493.43;9630.05207165109
Secretaria de Gabinete Central;11-15;2310;74;21457216.69;9288.838393939395
Secretaria de Gabinete Central;16-20;1157;31;14928559.09;12902.816845289542
Secretaria de Gabinete Central;21-25;183;3;3390193.23;18525.646065573772
Secretaria de Gabinete Central;26-30;28;1;584316.48;20868.445714285714
Secretaria de Gabinete Central;30+;1213;117;13649368.15;11252.570610057708
Secretaria de Governo;0-5;1405;98;11763443.78;8372.557850533807
Secretaria de Governo;6-10;621;31;5149628.36;8292.477230273753
Secretaria de Governo;11-15;1591;55;21722367.95;13653.279666876178
Secretaria de Governo;16-20;950;30;11850060.59;12473.747989473684
Secretaria de Governo;21-25;177;7;3125252.7;17656.79491525424
Secretaria de Governo;26-30;87;4;1029180.65;11829.66264367816
Secretaria de Governo;30+;2851;298;23836161.28;8360.631806383726
Secretaria de Inclusão e Transtorno do Espectro Autista;0-5;48;6;270792.13;5641.502708333333
Secretaria de Inclusão e Transtorno do Espectro Autista;11-15;53;4;791534.86;14934.619999999999
Secretaria de Inclusão e Transtorno do Espectro Autista;16-20;71;3;718280.09;10116.620985915493
Secretaria de Inclusão e Transtorno do Espectro Autista;30+;92;6;1442003.67;15673.952934782608
Secretaria de Mobilidade;0-5;605;48;3413027.12;5641.367140495868
Secretaria de Mobilidade;6-10;82;8;222898.48;2718.2741463414636
Secretaria de Mobilidade;11-15;430;16;3956678.57;9201.578069767442
Secretaria de Mobilidade;16-20;153;5;1854700.34;12122.224444444444
Secretaria de Mobilidade;21-25;55;3;558282.5;10150.59090909091
Secretaria de Mobilidade;26-30;104;5;1465485.73;14091.208942307692
Secretaria de Mobilidade;30+;967;59;8560284.48;8852.414146845917
Secretaria de Parcerias;0-5;649;40;5887213.36;9071.207026194146
Secretaria de Parcerias;6-10;56;5;515260.72000000003;9201.084285714287
Secretaria de Parcerias;11-15;159;11;1522759.63;9577.104591194968
Secretaria de Parcerias;16-20;221;10;2700860.4;12221.087782805429
Secretaria de Parcerias;30+;168;17;1152374.13;6859.3698214285705
Secretaria de Planejamento e Desenvolvimento Urbano;0-5;2418;92;15129249.22;6256.926889991729
Secretaria de Planejamento e Desenvolvimento Urbano;6-10;906;25;5601877.19;6183.0874061810155
Secretaria de Planejamento e Desenvolvimento Urbano;11-15;1987;41;18081430.07;9099.864151987922
Secretaria de Planejamento e Desenvolvimento Urbano;16-20;1876;38;15267054.4;8138.088699360342
Secretaria de Planejamento e Desenvolvimento Urbano;21-25;3;1;42115.82;14038.606666666667
Secretaria de Planejamento e Desenvolvimento Urbano;26-30;291;6;3405544.95;11702.903608247423
Secretaria de Planejamento e Desenvolvimento Urbano;30+;3059;189;23262401.07;7604.577008826414
Secretaria de Recursos Humanos;0-5;1497;54;7860909.86;5251.108790915164
Secretaria de Recursos Humanos;6-10;1106;25;7540515.06;6817.82555153707
Secretaria de Recursos Humanos;11-15;2705;57;20091671.25;7427.604898336414
Secretaria de Recursos Humanos;16-20;1879;39;19193236.09;10214.60143161256
Secretaria de Recursos Humanos;21-25;76;1;1268008.74;16684.325526315788
Secretaria de Recursos Humanos;30+;1227;126;5676161.57;4626.048549307254
Secretaria de Relações Institucionais e Metropolitanas;0-5;30;5;390804.18;13026.806
Secretaria de Relações Institucionais e Metropolitanas;6-10;90;5;719529.78;7994.775333333334
Secretaria de Relações Institucionais e Metropolitanas;11-15;167;5;1837842.87;11005.047125748504
Secretaria de Relações Institucionais e Metropolitanas;16-20;216;4;2134126.21;9880.213935185186
Secretaria de Relações Institucionais e Metropolitanas;26-30;15;1;340756.66000000003;22717.110666666667
Secretaria de Relações Institucionais e Metropolitanas;30+;283;26;4076611.18;14404.986501766785
Secretaria de Relações do Trabalho e Qualificação Profissional;0-5;453;27;3045081.45;6722.034105960265
Secretaria de Relações do Trabalho e Qualificação Profissional;6-10;377;15;1437875.26;3813.9927320954907
Secretaria de Relações do Trabalho e Qualificação Profissional;11-15;243;11;2114999.32;8703.700905349793
Secretaria de Relações do Trabalho e Qualificação Profissional;16-20;204;8;1824281.82;8942.55794117647
Secretaria de Relações do Trabalho e Qualificação Profissional;30+;530;55;3751709.6;7078.697358490566
Secretaria de Segurança Urbana;0-5;3557;301;22365517.19;6287.747312341861
Secretaria de Segurança Urbana;6-10;137;13;614934.03;4488.5695620437955
Secretaria de Segurança Urbana;11-15;5157;85;38360804.42;7438.589183633896
Secretaria de Segurança Urbana;16-20;136;5;1633044.23;12007.678161764707
Secretaria de Segurança Urbana;21-25;4326;66;44158497.01;10207.69695099399
Secretaria de Segurança Urbana;26-30;5451;92;68939891.37;12647.20076499725
Secretaria de Segurança Urbana;30+;9853;274;105724138.38;10730.146998883589
Secretaria de Serviços Públicos e Obras;0-5;1782;70;13078992.65;7339.502048260382
Secretaria de Serviços Públicos e Obras;6-10;285;9;1755125.14;6158.333824561403
Secretaria de Serviços Públicos e Obras;11-15;4038;73;24187668.59;5990.012033184745
Secretaria de Serviços Públicos e Obras;16-20;567;11;5720162.35;10088.46975308642
Secretaria de Serviços Públicos e Obras;21-25;90;2;1601025.28;17789.169777777777
Secretaria de Serviços Públicos e Obras;30+;3333;125;31908003.2;9573.358295829583
Secretaria de Turismo;0-5;175;13;1926789.58;11010.226171428572
Secretaria de Turismo;6-10;26;3;342409.39;13169.591923076923
Secretaria de Turismo;11-15;24;3;264805.79;11033.574583333333
Secretaria de Turismo;16-20;36;4;463210.65;12866.962500000001
Secretaria de Turismo;30+;49;8;271605.97000000003;5542.978979591838
Secretaria de Urbanismo e Licenciamento;0-5;149;22;596814.74;4005.468053691275
Secretaria de Urbanismo e Licenciamento;6-10;258;20;1219057.68;4725.02976744186
Secretaria de Urbanismo e Licenciamento;11-15;438;34;2941872.34;6716.603515981735
Secretaria de Urbanismo e Licenciamento;16-20;534;39;3538856.94;6627.072921348315
Secretaria de Urbanismo e Licenciamento;26-30;74;5;577087.41;7798.478513513514
Secretaria de Urbanismo e Licenciamento;30+;1010;108;6746352.86;6679.557287128713
Secretaria do Meio Ambiente, Parques e Jardins;0-5;1358;62;8840958.12;6510.278438880707
Secretaria do Meio Ambiente, Parques e Jardins;6-10;582;26;3611881.1;6205.9812714776635
Secretaria do Meio Ambiente, Parques e Jardins;11-15;2324;50;18958024.9;8157.4978055077445
Secretaria do Meio Ambiente, Parques e Jardins;16-20;1058;26;9866426.33;9325.544735349717
Secretaria do Meio Ambiente, Parques e Jardins;26-30;55;1;674837.08;12269.76509090909
Secretaria do Meio Ambiente, Parques e Jardins;30+;2576;176;20214783.64;7847.353897515528
