escolaridade_canonica;num_registros;num_matriculas;folha_total;folha_media;folha_mediana
Sem escolaridade formal registrada;1133;24;4275760.42;3773.83973521624;3557.91
Fundamental incompleto;6563;127;31792568.1;4844.212722840165;4508.1
Fundamental completo;20879;462;90648395.76;4341.606195699028;3814.93
Medio incompleto;2121;54;11807245.19;5566.829415370108;4716.58
Medio completo;208747;5453;971162134.82;4652.340559720619;4053.7
Superior incompleto;65847;4949;125494791.34;1905.8543493249504;1084.8
Superior completo;405257;13064;2949472775.14;7278.030423015518;5804.0
Pos-graduacao;144273;2856;1642060187.22;11381.61809361419;10434.34
Mestrado;8620;145;124353069.99;14426.110207656611;12423.755
Doutorado;2332;38;35560795.55;15249.054695540308;13739.985
