secretaria_canonica,cargo,n,folha_total,folha_media,folha_mediana,pct_feminino
Inativos e Pensionistas (Encargos),INAT/PENS(AJUD.GERAL),33,127403.76,3860.72,3762.98,90.91
Inativos e Pensionistas (Encargos),INAT/PENS(MOTORISTA),17,78871.83,4639.52,4205.65,58.82
Inativos e Pensionistas (Encargos),INAT/PENS(OPER.MAQ.PESADAS),17,94934.17,5584.36,5629.07,52.94
Inativos e Pensionistas (Encargos),INAT/PENS(MESTRE OBRAS),10,76816.35,7681.64,6504.32,70.0
Inativos e Pensionistas (Encargos),INAT/PENS(VIGIA),8,32023.93,4002.99,3821.15,75.0
Inativos e Pensionistas (Encargos),INAT/PENS(OF.CALCETEIRO),7,25708.86,3672.69,3689.19,100.0
Inativos e Pensionistas (Encargos),INAT/PENS(OF.MANUT/CONSERVAC),6,27283.44,4547.24,4522.11,83.33
Inativos e Pensionistas (Encargos),INAT/PENS(OF.ADM.II),6,43832.24,7305.37,7618.76,50.0
Secretaria da Cidadania,ASSIST.SOCIAL I,54,507809.09,9403.87,8104.1,92.59
Secretaria da Cidadania,CONSELHEIRO TUT.CRIANCA/ADOLES,35,299039.44,8543.98,8667.4,93.94
Secretaria da Cidadania,PSICOLOGO I,28,216925.81,7747.35,7150.18,82.14
Secretaria da Cidadania,AGENTE SOCIAL,25,111377.89,4455.12,4353.73,76.0
Secretaria da Cidadania,TEC.DE CONTROLE ADMINISTRATIVO,24,109636.8,4568.2,4422.34,70.83
Secretaria da Cidadania,COORD EQUIP ASSIS SOCIAL (FG),21,268259.01,12774.24,12243.56,71.43
Secretaria da Cidadania,AUX. DE ADMINISTRACAO,19,114516.91,6027.21,5097.18,84.21
Secretaria da Cidadania,CHEFE DE SECAO,16,182709.56,11419.35,12122.69,56.25
Secretaria da Cidadania,AG PROG HUMANIZ (FG),12,120833.78,10069.48,8949.85,0.0
Secretaria da Cidadania,ASSESSOR DE GABINETE,10,154527.9,15452.79,15452.79,70.0
Secretaria da Educação,AUTONOMOS - PROF. EVENTUAL,2746,5784035.99,2106.35,2572.32,95.37
Secretaria da Educação,PEB I,2165,28482602.03,13155.94,12503.93,96.26
Secretaria da Educação,AUX. DE EDUCACAO,1700,8534115.73,5020.07,4778.01,92.67
Secretaria da Educação,PEB I CLT,564,3278371.58,5812.72,4876.53,96.6
Secretaria da Educação,ESTAGIARIO NIVEL SUPERIOR,250,253761.68,1015.05,1084.8,89.16
Secretaria da Educação,INSPETOR DE ALUNOS,240,1062205.79,4425.86,4156.02,62.71
Secretaria da Educação,SECRETARIO DE ESCOLA,148,834860.13,5640.95,5212.8,56.46
Secretaria da Educação,DIRETOR DE ESCOLA,148,2786952.59,18830.76,16466.09,80.41
Secretaria da Educação,ORIENT. PED.,118,1668147.36,14136.84,13250.81,92.31
Secretaria da Educação,AUX. DE ADMINISTRACAO,95,511967.92,5389.14,5104.76,74.19
Secretaria da Fazenda,AUX. DE ADMINISTRACAO,44,393945.72,8953.31,8061.57,61.36
Secretaria da Fazenda,TEC.DE CONTROLE ADMINISTRATIVO,32,267943.48,8373.23,7060.9,61.29
Secretaria da Fazenda,AUDITOR FISCAL DE TRIB. MUNIC,27,702687.53,26025.46,26458.01,29.63
Secretaria da Fazenda,CHEFE DE SECAO,22,324197.66,14736.26,14448.13,81.82
Secretaria da Fazenda,CHEFE DE DIVISAO,8,160200.76,20025.1,18027.06,66.67
Secretaria da Fazenda,ASSIST UN ATEND CIDADAO(FG),8,79788.86,9973.61,10586.34,75.0
Secretaria da Fazenda,CONTADOR I,6,106174.11,17695.69,18255.97,50.0
Secretaria da Habitação e Regularização Fundiária,TEC.DE CONTROLE ADMINISTRATIVO,7,36173.41,5167.63,4422.34,57.14
Secretaria da Habitação e Regularização Fundiária,CHEFE DE SECAO,5,54543.64,10908.73,11780.05,80.0
Secretaria da Habitação e Regularização Fundiária,AUX. DE ADMINISTRACAO,5,23416.84,4683.37,5033.9,60.0
Secretaria da Habitação e Regularização Fundiária,ARQUITETO I,5,63694.57,12738.91,11819.25,40.0
Secretaria da Saúde,TECNICO DE ENFERMAGEM,653,5089033.78,7793.31,7339.08,79.02
Secretaria da Saúde,MEDICO 75H,280,6224619.29,22230.78,18743.08,46.55
Secretaria da Saúde,ENFERMEIRO,269,4354202.38,16186.63,13833.87,89.14
Secretaria da Saúde,TEC.DE CONTROLE ADMINISTRATIVO,216,1058113.18,4898.67,4552.07,61.21
Secretaria da Saúde,AGENTE COMUNITARIO DE SAUDE,150,770617.35,5137.45,5167.27,90.54
Secretaria da Saúde,AUX. DE ADMINISTRACAO,142,797851.06,5618.67,5172.43,78.87
Secretaria da Saúde,MEDICO I 100H,120,2072179.32,17268.16,14036.94,63.03
Secretaria da Saúde,MOTORISTA,118,800325.91,6782.42,6477.78,5.98
Secretaria da Saúde,CIRURGIAO DENTISTA 75H,80,1718762.5,21484.53,20428.96,48.1
Secretaria da Saúde,AUXILIAR EM SAUDE BUCAL,80,526525.93,6581.57,6136.61,97.47
Secretaria de Administração,AUX. DE ADMINISTRACAO,23,198055.06,8611.09,6189.21,65.22
Secretaria de Administração,TEC.DE CONTROLE ADMINISTRATIVO,21,138064.94,6574.52,5402.54,40.0
Secretaria de Administração,CHEFE DE SECAO,19,261641.84,13770.62,12121.47,57.89
Secretaria de Administração,ASSIST.DE ALMOXARIFE,12,68334.17,5694.51,4781.42,33.33
Secretaria de Administração,AG CONTRATACAO/PREGOEIRO(FG),12,138454.46,11537.87,10358.74,81.82
Secretaria de Administração,CHEFE DE DIVISAO,8,150827.62,18853.45,16064.49,87.5
Secretaria de Administração,ESTAGIARIO NIVEL SUPERIOR,7,7897.92,1128.27,1084.8,42.86
Secretaria de Administração,ESTAGIARIO NIVEL MEDIO,7,7593.6,1084.8,1084.8,85.71
Secretaria de Administração,MECANICO,5,51591.36,10318.27,9937.2,0.0
Secretaria de Administração,ASSISTENTE DE SECRETARIA E EXPEDIENTE (FG),5,49583.61,9916.72,8334.77,40.0
Secretaria de Assuntos Jurídicos e Patrimônio,PROCURADOR,29,1010379.41,34840.67,35175.58,48.28
Secretaria de Assuntos Jurídicos e Patrimônio,TEC.DE CONTROLE ADMINISTRATIVO,26,177963.78,6844.76,5665.73,48.0
Secretaria de Assuntos Jurídicos e Patrimônio,ESTAGIARIO NIVEL SUPERIOR,19,19764.88,1040.26,904.8,42.11
Secretaria de Assuntos Jurídicos e Patrimônio,AUX. DE ADMINISTRACAO,17,142615.84,8389.17,8010.13,70.59
Secretaria de Assuntos Jurídicos e Patrimônio,CHEFE DE SECAO,12,148016.93,12334.74,11822.88,66.67
Secretaria de Assuntos Jurídicos e Patrimônio,CHEFE DE DIVISAO,9,147283.01,16364.78,15781.88,77.78
Secretaria de Assuntos Jurídicos e Patrimônio,PROCURADOR-CHEFE(FG),5,300696.51,60139.3,49803.64,20.0
Secretaria de Comunicação,CHEFE DE SECAO,7,94047.62,13435.37,12311.61,85.71
Secretaria de Comunicação,ASSESSOR DE GABINETE,6,84380.99,14063.5,15452.79,16.67
Secretaria de Comunicação,ESTAGIARIO NIVEL SUPERIOR,5,5393.2,1078.64,1084.8,80.0
Secretaria de Cultura,ESTAGIARIO NIVEL SUPERIOR,18,19526.4,1084.8,1084.8,44.44
Secretaria de Cultura,AUX. DE ADMINISTRACAO,9,56869.98,6318.89,5004.9,55.56
Secretaria de Cultura,TEC.DE CONTROLE ADMINISTRATIVO,9,52422.31,5824.7,4752.6,33.33
Secretaria de Empreendedorismo da Micro e Pequena Empresa,AUX. DE ADMINISTRACAO,5,32880.04,6576.01,5089.47,60.0
Secretaria de Empreendedorismo da Micro e Pequena Empresa,TEC.DE CONTROLE ADMINISTRATIVO,5,36638.48,7327.7,5228.05,100.0
Secretaria de Empreendedorismo da Micro e Pequena Empresa,CHEFE DE SECAO,5,51935.93,10387.19,11459.79,80.0
Secretaria de Esportes e Lazer,TEC.DE ESPORTES I,28,307538.06,10983.5,8902.38,18.52
Secretaria de Esportes e Lazer,TEC.DE CONTROLE ADMINISTRATIVO,10,58715.8,5871.58,5307.64,50.0
Secretaria de Esportes e Lazer,ASSIST UN ESPORTIVAS(FG),10,92516.61,9251.66,7638.65,20.0
Secretaria de Esportes e Lazer,ASSESSOR DE GABINETE,8,85538.48,10692.31,12192.33,37.5
Secretaria de Esportes e Lazer,ESTAGIARIO NIVEL SUPERIOR,7,8164.16,1166.31,1084.8,42.86
Secretaria de Esportes e Lazer,CHEFE DE SECAO,6,65728.24,10954.71,10410.07,33.33
Secretaria de Esportes e Lazer,AJUDANTE GERAL,5,21483.79,4296.76,3725.13,40.0
Secretaria de Gabinete Central,ESTAGIARIO NIVEL SUPERIOR,35,35883.6,1025.25,1084.8,42.86
Secretaria de Gabinete Central,ANALISTA DE SISTEMAS I,25,334184.41,13367.38,9902.75,20.0
Secretaria de Gabinete Central,TELEFONISTA ATENDENTE,13,63839.47,4910.73,4484.15,84.62
Secretaria de Gabinete Central,TEC.DE CONTROLE ADMINISTRATIVO,12,65138.38,5428.2,5004.45,41.67
Secretaria de Gabinete Central,CHEFE DE SECAO,10,123556.55,12355.66,12380.56,50.0
Secretaria de Gabinete Central,AUX. DE ADMINISTRACAO,9,93678.82,10408.76,10188.61,55.56
Secretaria de Gabinete Central,TECNICO EM INFORMATICA,9,50014.84,5557.2,5730.23,11.11
Secretaria de Gabinete Central,ASSESSOR DE GABINETE,9,137007.92,15223.1,15452.79,55.56
Secretaria de Gabinete Central,CHEFE DE DIVISAO,8,163055.87,20381.98,16390.17,37.5
Secretaria de Gabinete Central,CORREGEDOR (FG),5,115671.82,23134.36,16261.14,80.0
Secretaria de Governo,ASSESSOR DE GABINETE,20,308893.76,15444.69,15452.79,45.0
Secretaria de Governo,ESTAGIARIO NIVEL SUPERIOR,18,17347.44,963.75,1084.8,70.59
Secretaria de Governo,TEC.DE CONTROLE ADMINISTRATIVO,15,81559.38,5437.29,4667.43,60.0
Secretaria de Governo,CHEFE DE SECAO,11,179951.06,16359.19,13527.88,80.0
Secretaria de Governo,CHEFE DE DIVISAO,8,161828.18,20228.52,15620.79,50.0
Secretaria de Governo,ASSISTENTE DE SECRETARIA E EXPEDIENTE (FG),7,99124.94,14160.71,14087.82,85.71
Secretaria de Governo,SUPERV DE PROJ EVENTOS GOVERNAMENTAIS,6,82846.01,13807.67,14675.78,66.67
Secretaria de Governo,AGENTE DE FISCALIZACAO,5,43184.37,8636.87,6423.31,0.0
Secretaria de Mobilidade,TEC.DE CONTROLE ADMINISTRATIVO,13,56224.95,4325.0,4422.34,38.46
Secretaria de Mobilidade,ESTAGIARIO NIVEL SUPERIOR,10,8892.72,889.27,1069.4,50.0
Secretaria de Mobilidade,CHEFE DE SECAO,6,71318.06,11886.34,12116.39,50.0
Secretaria de Mobilidade,ENG.CIVIL I,6,82895.98,13816.0,13327.0,16.67
Secretaria de Mobilidade,PINTOR,6,36043.81,6007.3,5363.28,0.0
Secretaria de Mobilidade,AJUDANTE GERAL,5,24281.66,4856.33,4482.18,0.0
Secretaria de Parcerias,ENG.CIVIL I,10,112361.94,11236.19,9457.52,40.0
Secretaria de Parcerias,ESTAGIARIO NIVEL SUPERIOR,9,9068.4,1007.6,1084.8,55.56
Secretaria de Parcerias,CHEFE DE SECAO,6,80013.28,13335.55,11388.65,83.33
Secretaria de Planejamento e Desenvolvimento Urbano,FISCAL PUBLICO,44,311892.73,7088.47,6982.16,20.93
Secretaria de Planejamento e Desenvolvimento Urbano,ESTAGIARIO NIVEL SUPERIOR,24,24845.44,1035.23,1084.8,79.17
Secretaria de Planejamento e Desenvolvimento Urbano,AUX. DE FISCALIZACAO,22,281110.59,12777.75,7915.79,45.45
Secretaria de Planejamento e Desenvolvimento Urbano,ENG.CIVIL I,20,282480.89,14124.04,11938.45,25.0
Secretaria de Planejamento e Desenvolvimento Urbano,CHEFE DE SECAO,16,205058.27,12816.14,12033.12,62.5
Secretaria de Planejamento e Desenvolvimento Urbano,AUX. DE ADMINISTRACAO,12,75852.01,6321.0,5672.16,81.82
Secretaria de Planejamento e Desenvolvimento Urbano,TEC.DE CONTROLE ADMINISTRATIVO,12,76713.53,6392.79,4548.16,58.33
Secretaria de Planejamento e Desenvolvimento Urbano,ARQUITETO I,8,126797.16,15849.65,13868.72,62.5
Secretaria de Planejamento e Desenvolvimento Urbano,CHEFE DE DIVISAO,6,92101.2,15350.2,15231.39,50.0
Secretaria de Recursos Humanos,TEC.DE CONTROLE ADMINISTRATIVO,40,279054.48,6976.36,6039.33,59.46
Secretaria de Recursos Humanos,AUX. DE ADMINISTRACAO,22,185364.84,8425.67,6817.83,90.91
Secretaria de Recursos Humanos,CHEFE DE SECAO,15,234546.24,15636.42,13123.52,60.0
Secretaria de Recursos Humanos,ESTAGIARIO NIVEL SUPERIOR,8,8172.72,1021.59,1084.8,87.5
Secretaria de Recursos Humanos,CHEFE DE DIVISAO,6,99407.99,16568.0,17200.97,66.67
Secretaria de Recursos Humanos,TEC.SEGUR.TRABALHO I,6,32388.81,5398.14,5212.8,50.0
Secretaria de Recursos Humanos,ASSISTENTE DE SECRETARIA E EXPEDIENTE (FG),5,59603.11,11920.62,12342.47,100.0
Secretaria de Relações do Trabalho e Qualificação Profissional,AUX. DE ADMINISTRACAO,8,61399.71,7674.96,5351.85,50.0
Secretaria de Relações do Trabalho e Qualificação Profissional,TEC.DE CONTROLE ADMINISTRATIVO,6,22525.94,3754.32,4241.5,60.0
Secretaria de Segurança Urbana,GCM-2A CLASSE,336,2533852.28,7541.23,6526.29,19.7
Secretaria de Segurança Urbana,GCM-1A CLASSE,111,1618155.77,14577.98,13905.64,9.09
Secretaria de Segurança Urbana,GCM-CLASSE ESPECIAL,40,586487.83,14662.2,14524.74,17.95
Secretaria de Segurança Urbana,ESTAGIARIO NIVEL SUPERIOR,25,26813.6,1072.54,1084.8,91.67
Secretaria de Segurança Urbana,GCM-CLASSE DISTINTA,20,404695.15,20234.76,18033.22,15.0
Secretaria de Segurança Urbana,AUX. DE SERVICOS OPERACIONAIS,8,59741.39,7467.67,7316.97,0.0
Secretaria de Segurança Urbana,CHEFE DE SECAO,7,95468.71,13638.39,12549.88,28.57
Secretaria de Segurança Urbana,AUX. DE ADMINISTRACAO,5,40178.08,8035.62,5951.03,60.0
Secretaria de Serviços Públicos e Obras,TEC.DE CONTROLE ADMINISTRATIVO,20,86597.08,4329.85,4422.34,60.0
Secretaria de Serviços Públicos e Obras,CHEFE DE SECAO,13,159598.73,12276.83,11756.15,30.77
Secretaria de Serviços Públicos e Obras,AGENTE DE SERVICO CEMITERIAL,13,68478.77,5267.6,4883.2,30.77
Secretaria de Serviços Públicos e Obras,ELETRICISTA,12,72733.23,6061.1,5945.74,0.0
Secretaria de Serviços Públicos e Obras,ENG.CIVIL I,12,163638.41,13636.53,10358.14,50.0
Secretaria de Serviços Públicos e Obras,ASSESSOR DE GABINETE,12,163769.56,13647.46,15452.79,8.33
Secretaria de Serviços Públicos e Obras,AJUDANTE GERAL,9,52762.63,5862.51,5457.28,22.22
Secretaria de Serviços Públicos e Obras,AUX. DE ADMINISTRACAO,6,48220.48,8036.75,8219.92,50.0
Secretaria de Serviços Públicos e Obras,PEDREIRO,6,22868.72,3811.45,3807.8,0.0
Secretaria de Serviços Públicos e Obras,CHEFE DE DIVISAO,5,81160.87,16232.17,15722.3,100.0
"Secretaria do Meio Ambiente, Parques e Jardins",CHEFE DE SECAO,17,197312.48,11606.62,11979.29,70.59
"Secretaria do Meio Ambiente, Parques e Jardins",ESTAGIARIO NIVEL SUPERIOR,15,14952.32,996.82,1084.8,66.67
"Secretaria do Meio Ambiente, Parques e Jardins",TEC.DE CONTROLE ADMINISTRATIVO,13,71653.74,5511.83,4634.65,61.54
"Secretaria do Meio Ambiente, Parques e Jardins",TECNICO AMBIENTAL,13,134614.27,10354.94,9521.29,53.85
"Secretaria do Meio Ambiente, Parques e Jardins",AUX. DE ADMINISTRACAO,11,100432.69,9130.24,6859.48,72.73
"Secretaria do Meio Ambiente, Parques e Jardins",AGENTE DE VIG.SANITARIA I,8,46221.86,5777.73,5871.1,50.0
"Secretaria do Meio Ambiente, Parques e Jardins",CHEFE DE DIVISAO,6,95646.88,15941.15,15872.97,50.0
"Secretaria do Meio Ambiente, Parques e Jardins",MED VETERINARIO 150H,6,80631.65,13438.61,14317.54,83.33
