secretaria_canonica,n,gini
Inativos e Pensionistas (Encargos),176,0.2976
Secretaria da Cidadania,297,0.296
Secretaria da Educação,8653,0.445
Secretaria da Fazenda,164,0.3076
Secretaria da Saúde,2861,0.3701
Secretaria de Administração,147,0.4036
Secretaria de Assuntos Jurídicos e Patrimônio,130,0.5069
Secretaria de Cultura,73,0.4485
Secretaria de Esportes e Lazer,95,0.3632
Secretaria de Gabinete Central,165,0.4772
Secretaria de Governo,122,0.4075
Secretaria de Mobilidade,73,0.4072
Secretaria de Parcerias,55,0.3729
Secretaria de Planejamento e Desenvolvimento Urbano,180,0.3777
Secretaria de Recursos Humanos,129,0.3544
Secretaria de Segurança Urbana,569,0.2978
Secretaria de Serviços Públicos e Obras,144,0.3327
"Secretaria do Meio Ambiente, Parques e Jardins",129,0.3663
