secretaria_canonica,faixa_tempo,n,folha_media,folha_mediana
Chefia do Poder Executivo,0-5 anos,3,17497.36,17617.8
Chefia do Poder Executivo,11-15 anos,1,17301.37,17301.37
Chefia do Poder Executivo,21-25 anos,2,11053.06,11053.06
Chefia do Poder Executivo,30+ anos,2,21815.32,21815.32
Inativos e Pensionistas (Encargos),0-5 anos,1,3745.37,3745.37
Inativos e Pensionistas (Encargos),6-10 anos,17,5800.71,5101.91
Inativos e Pensionistas (Encargos),11-15 anos,17,5934.42,5768.64
Inativos e Pensionistas (Encargos),16-20 anos,20,5549.95,4684.4
Inativos e Pensionistas (Encargos),21-25 anos,12,5670.2,4861.96
Inativos e Pensionistas (Encargos),26-30 anos,19,5723.69,4745.33
Inativos e Pensionistas (Encargos),30+ anos,90,6474.93,4819.49
Secretaria da Cidadania,0-5 anos,119,6718.06,7150.18
Secretaria da Cidadania,6-10 anos,40,9079.72,8364.68
Secretaria da Cidadania,11-15 anos,95,9745.77,9801.07
Secretaria da Cidadania,16-20 anos,32,13666.94,12034.41
Secretaria da Cidadania,21-25 anos,1,20077.23,20077.23
Secretaria da Cidadania,26-30 anos,1,8729.25,8729.25
Secretaria da Cidadania,30+ anos,8,21374.08,18027.64
Secretaria da Educação,0-5 anos,3645,4630.06,3873.26
Secretaria da Educação,6-10 anos,1556,6477.73,5320.18
Secretaria da Educação,11-15 anos,1893,8478.81,5936.79
Secretaria da Educação,16-20 anos,985,11088.75,10087.11
Secretaria da Educação,21-25 anos,482,10955.52,7829.24
Secretaria da Educação,26-30 anos,50,9833.32,2796.0
Secretaria da Educação,30+ anos,24,12322.18,7745.15
Secretaria da Fazenda,0-5 anos,23,8129.26,7060.9
Secretaria da Fazenda,6-10 anos,35,11695.06,9632.03
Secretaria da Fazenda,11-15 anos,36,12362.85,10997.26
Secretaria da Fazenda,16-20 anos,62,18948.99,18430.28
Secretaria da Fazenda,21-25 anos,1,8870.53,8870.53
Secretaria da Fazenda,30+ anos,6,22073.17,19632.89
Secretaria da Habitação e Regularização Fundiária,0-5 anos,14,10255.3,10374.15
Secretaria da Habitação e Regularização Fundiária,6-10 anos,3,10644.48,9866.21
Secretaria da Habitação e Regularização Fundiária,11-15 anos,10,10318.55,6098.04
Secretaria da Habitação e Regularização Fundiária,16-20 anos,10,14560.35,11871.38
Secretaria da Mulher,0-5 anos,8,4549.47,2894.39
Secretaria da Mulher,6-10 anos,3,18689.96,16870.38
Secretaria da Mulher,11-15 anos,2,14869.47,14869.47
Secretaria da Mulher,16-20 anos,1,6212.68,6212.68
Secretaria da Mulher,30+ anos,1,17111.33,17111.33
Secretaria da Saúde,0-5 anos,931,8009.87,5941.41
Secretaria da Saúde,6-10 anos,233,9373.14,6288.82
Secretaria da Saúde,11-15 anos,797,10139.19,7821.5
Secretaria da Saúde,16-20 anos,587,14440.7,11344.73
Secretaria da Saúde,21-25 anos,202,17508.17,15543.12
Secretaria da Saúde,26-30 anos,32,22212.58,19532.9
Secretaria da Saúde,30+ anos,72,17871.6,16436.34
Secretaria de Administração,0-5 anos,37,4640.2,4371.93
Secretaria de Administração,6-10 anos,24,11121.51,6894.15
Secretaria de Administração,11-15 anos,43,12582.24,11368.45
Secretaria de Administração,16-20 anos,16,14276.84,12821.61
Secretaria de Administração,30+ anos,24,10219.2,8982.47
Secretaria de Assuntos Jurídicos e Patrimônio,0-5 anos,54,12822.18,5111.51
Secretaria de Assuntos Jurídicos e Patrimônio,6-10 anos,28,23715.03,15644.94
Secretaria de Assuntos Jurídicos e Patrimônio,11-15 anos,28,18132.8,11957.31
Secretaria de Assuntos Jurídicos e Patrimônio,16-20 anos,17,23755.98,14359.84
Secretaria de Assuntos Jurídicos e Patrimônio,30+ anos,2,51415.71,51415.71
Secretaria de Comunicação,0-5 anos,16,8284.23,7153.74
Secretaria de Comunicação,6-10 anos,6,14693.03,13836.7
Secretaria de Comunicação,11-15 anos,5,16509.26,13927.56
Secretaria de Comunicação,16-20 anos,4,13911.72,14488.81
Secretaria de Cultura,0-5 anos,31,5540.02,4422.34
Secretaria de Cultura,6-10 anos,13,4170.75,1084.8
Secretaria de Cultura,11-15 anos,15,9340.1,8244.65
Secretaria de Cultura,16-20 anos,7,13077.38,10264.51
Secretaria de Cultura,30+ anos,6,8690.53,6576.09
"Secretaria de Desenvolvimento Econômico, Trabalho e Turismo",0-5 anos,7,3509.82,1084.8
"Secretaria de Desenvolvimento Econômico, Trabalho e Turismo",6-10 anos,6,13957.48,13619.85
"Secretaria de Desenvolvimento Econômico, Trabalho e Turismo",11-15 anos,2,19243.55,19243.55
"Secretaria de Desenvolvimento Econômico, Trabalho e Turismo",16-20 anos,4,15419.43,15962.99
Secretaria de Empreendedorismo da Micro e Pequena Empresa,0-5 anos,9,10262.29,9748.73
Secretaria de Empreendedorismo da Micro e Pequena Empresa,6-10 anos,8,7339.68,7228.91
Secretaria de Empreendedorismo da Micro e Pequena Empresa,11-15 anos,5,7280.98,5228.05
Secretaria de Empreendedorismo da Micro e Pequena Empresa,16-20 anos,5,9888.17,9427.96
Secretaria de Esportes e Lazer,0-5 anos,46,7069.44,6815.76
Secretaria de Esportes e Lazer,6-10 anos,10,7843.15,6932.68
Secretaria de Esportes e Lazer,11-15 anos,21,10356.79,9451.22
Secretaria de Esportes e Lazer,16-20 anos,5,13137.0,12641.21
Secretaria de Esportes e Lazer,30+ anos,11,16717.7,17499.63
Secretaria de Gabinete Central,0-5 anos,69,6010.28,4422.34
Secretaria de Gabinete Central,6-10 anos,24,9683.87,7636.47
Secretaria de Gabinete Central,11-15 anos,46,12438.69,11048.65
Secretaria de Gabinete Central,16-20 anos,17,15502.47,13038.55
Secretaria de Gabinete Central,21-25 anos,2,25227.85,25227.85
Secretaria de Gabinete Central,26-30 anos,1,25590.08,25590.08
Secretaria de Gabinete Central,30+ anos,4,35221.25,36966.91
Secretaria de Governo,0-5 anos,55,9437.0,7127.23
Secretaria de Governo,6-10 anos,17,10686.25,9294.9
Secretaria de Governo,11-15 anos,32,19580.32,15639.0
Secretaria de Governo,16-20 anos,12,14108.15,12715.11
Secretaria de Governo,21-25 anos,1,18811.81,18811.81
Secretaria de Governo,26-30 anos,2,15598.94,15598.94
Secretaria de Governo,30+ anos,2,23081.9,23081.9
Secretaria de Inclusão e Transtorno do Espectro Autista,0-5 anos,6,9247.89,8019.91
Secretaria de Inclusão e Transtorno do Espectro Autista,11-15 anos,3,11068.13,11303.44
Secretaria de Inclusão e Transtorno do Espectro Autista,16-20 anos,3,13652.25,13952.01
Secretaria de Mobilidade,0-5 anos,42,6205.52,4724.26
Secretaria de Mobilidade,6-10 anos,5,2562.45,1084.8
Secretaria de Mobilidade,11-15 anos,11,10235.13,12085.13
Secretaria de Mobilidade,16-20 anos,4,15700.25,14633.64
Secretaria de Mobilidade,21-25 anos,1,14492.28,14492.28
Secretaria de Mobilidade,26-30 anos,5,16077.08,14876.72
Secretaria de Mobilidade,30+ anos,3,15601.05,17684.97
Secretaria de Parcerias,0-5 anos,35,9034.69,9457.52
Secretaria de Parcerias,6-10 anos,4,4508.91,1084.8
Secretaria de Parcerias,11-15 anos,7,14907.42,12765.13
Secretaria de Parcerias,16-20 anos,8,20314.24,17156.15
Secretaria de Planejamento e Desenvolvimento Urbano,0-5 anos,77,6636.08,6506.01
Secretaria de Planejamento e Desenvolvimento Urbano,6-10 anos,20,7280.48,7122.8
Secretaria de Planejamento e Desenvolvimento Urbano,11-15 anos,37,11069.58,11780.05
Secretaria de Planejamento e Desenvolvimento Urbano,16-20 anos,28,12874.05,10812.45
Secretaria de Planejamento e Desenvolvimento Urbano,26-30 anos,5,17475.81,8218.61
Secretaria de Planejamento e Desenvolvimento Urbano,30+ anos,11,19093.92,17986.99
Secretaria de Recursos Humanos,0-5 anos,45,5797.55,5212.8
Secretaria de Recursos Humanos,6-10 anos,20,11581.38,11431.7
Secretaria de Recursos Humanos,11-15 anos,35,11290.94,9913.6
Secretaria de Recursos Humanos,16-20 anos,26,13712.84,13203.56
Secretaria de Recursos Humanos,21-25 anos,1,24032.77,24032.77
Secretaria de Relações Institucionais e Metropolitanas,0-5 anos,1,15452.79,15452.79
Secretaria de Relações Institucionais e Metropolitanas,6-10 anos,1,11695.51,11695.51
Secretaria de Relações Institucionais e Metropolitanas,11-15 anos,3,18393.16,17153.9
Secretaria de Relações Institucionais e Metropolitanas,16-20 anos,2,8919.0,8919.0
Secretaria de Relações Institucionais e Metropolitanas,26-30 anos,1,74650.85,74650.85
Secretaria de Relações do Trabalho e Qualificação Profissional,0-5 anos,17,5561.81,4329.8
Secretaria de Relações do Trabalho e Qualificação Profissional,6-10 anos,7,7492.58,4477.23
Secretaria de Relações do Trabalho e Qualificação Profissional,11-15 anos,4,12093.97,13320.87
Secretaria de Relações do Trabalho e Qualificação Profissional,16-20 anos,2,5509.66,5509.66
Secretaria de Relações do Trabalho e Qualificação Profissional,30+ anos,2,20646.4,20646.4
Secretaria de Segurança Urbana,0-5 anos,290,6364.06,6526.29
Secretaria de Segurança Urbana,6-10 anos,11,2418.98,1084.8
Secretaria de Segurança Urbana,11-15 anos,69,10608.77,10499.14
Secretaria de Segurança Urbana,16-20 anos,4,10351.23,10493.45
Secretaria de Segurança Urbana,21-25 anos,59,15043.77,14064.28
Secretaria de Segurança Urbana,26-30 anos,65,18279.33,16571.38
Secretaria de Segurança Urbana,30+ anos,70,14287.68,14524.98
Secretaria de Serviços Públicos e Obras,0-5 anos,61,7858.54,5632.06
Secretaria de Serviços Públicos e Obras,6-10 anos,4,11728.18,13465.1
Secretaria de Serviços Públicos e Obras,11-15 anos,49,9263.34,6183.86
Secretaria de Serviços Públicos e Obras,16-20 anos,7,15485.89,16282.53
Secretaria de Serviços Públicos e Obras,21-25 anos,1,25913.48,25913.48
Secretaria de Serviços Públicos e Obras,30+ anos,22,10855.7,9025.69
Secretaria de Turismo,0-5 anos,11,9405.61,9546.57
Secretaria de Turismo,6-10 anos,2,15191.85,15191.85
Secretaria de Turismo,11-15 anos,1,12668.77,12668.77
Secretaria de Turismo,16-20 anos,1,14836.92,14836.92
"Secretaria do Meio Ambiente, Parques e Jardins",0-5 anos,48,6734.1,6417.4
"Secretaria do Meio Ambiente, Parques e Jardins",6-10 anos,15,8212.76,6035.55
"Secretaria do Meio Ambiente, Parques e Jardins",11-15 anos,38,11530.16,10682.28
"Secretaria do Meio Ambiente, Parques e Jardins",16-20 anos,16,12528.5,13070.42
"Secretaria do Meio Ambiente, Parques e Jardins",30+ anos,11,19610.14,20034.09
