unidade_canonica;tipo_unidade;efetivo;folha_total;folha_media;ticket_medio
Prof. Eventuais;Categoria;2746;5784035.99;2106.3495957756736;2106.3495957756736
GCM — Guarda Civil Municipal;Setor;514;5281522.29;10275.33519455253;10275.33519455253
Estágios — Formação Cidadã;Categoria;253;257016.08;1015.8738339920948;1015.8738339920948
Gabinete;Setor;238;4124757.37;17330.91331932773;17330.91331932773
Zoonoses (CCZ);Setor;175;1290539.33;7374.510457142857;7374.510457142857
Aposentados e Pensionistas (AAPMS);Categoria;151;952499.63;6307.944569536424;6307.944569536424
Divisão de Proteção Social Básica;Setor;100;834015.22;8340.1522;8340.1522
Policlínica — Médicos;Setor;82;1549850.05;18900.61036585366;18900.61036585366
CEI 89 — Zilda P. Aguil;Escola;76;628316.62;8267.32394736842;8267.32394736842
SAMU — Enfermagem;Setor;74;833620.0;11265.135135135135;11265.135135135135
EM Renice Seraphim;Escola;67;615881.55;9192.261940298507;9192.261940298507
CEI 78 — Ettore Marang;Escola;66;463864.96;7028.25696969697;7028.25696969697
Divisão de Proteção Social Especial;Setor;64;537994.33;8406.16140625;8406.16140625
EM Ary de O Seabra;Escola;63;685382.74;10879.09111111111;10879.09111111111
Transporte de Pacientes — Motoristas;Setor;61;398525.97;6533.212622950819;6533.212622950819
CEI 90 — Helio D. C. Jr.;Escola;61;444511.48;7287.07344262295;7287.07344262295
EM Ines R. Cesarotti;Escola;60;623472.0;10391.2;10391.2
CEI 109 — Benedicto Pagl;Escola;60;429708.27999999997;7161.804666666666;7161.804666666666
EM Tereza C. Gianini;Escola;59;660700.65;11198.316101694916;11198.316101694916
EM Achilles Almeida;Escola;57;680971.87;11946.874912280702;11946.874912280702
EM Benedito Cleto;Escola;57;503701.83;8836.874210526315;8836.874210526315
UBS Wanel Ville;UBS;57;552948.33;9700.847894736842;9700.847894736842
Divisão de Avaliação e Controle;Setor;57;764182.57;13406.711754385964;13406.711754385964
EM Norma Justa D. Ara;Escola;57;596138.54;10458.570877192984;10458.570877192984
CEI 72 — Sueli Gaz Camp;Escola;56;374391.73;6685.566607142857;6685.566607142857
Divisão de Vigilância Sanitária;Setor;56;475249.94;8486.606071428572;8486.606071428572
EM Avelino L. Camarg;Escola;56;640254.91;11433.123392857144;11433.123392857144
CEI 107 — Arminda da Con;Escola;56;389680.89;6958.587321428572;6958.587321428572
UBS Aparecidinha;UBS;56;448394.17;8007.03875;8007.03875
CEI 73 — Matilde Gavin;Escola;55;379228.08;6895.0560000000005;6895.0560000000005
CEI 82 — Bened M. Didi;Escola;55;379249.82;6895.451272727273;6895.451272727273
UBS Ulysses Guimaraes;UBS;55;472900.93;8598.198727272727;8598.198727272727
CEI 94 — Ana L. Pazini;Escola;54;363178.32;6725.524444444444;6725.524444444444
UBS Rodrigo;UBS;54;500251.69;9263.920185185185;9263.920185185185
PA Laranj-enfermagem;PA;54;568483.06;10527.464074074074;10527.464074074074
UBS Vitoria Regia;UBS;53;432265.60000000003;8155.954716981133;8155.954716981133
CEI 106 — Aurea Paixao;Escola;53;319176.2;6022.192452830189;6022.192452830189
EM Odilla Caldini Cresp;Escola;53;522279.81;9854.33603773585;9854.33603773585
UBS Sao Bento;UBS;53;447324.6;8440.08679245283;8440.08679245283
EM Oswaldo Duarte;Escola;52;582831.98;11208.307307692306;11208.307307692306
UBS Marcia Mendes;UBS;52;650023.7;12500.455769230768;12500.455769230768
EM Duljara F. Oliveir;Escola;52;571960.15;10999.233653846155;10999.233653846155
EM Rosa Cury;Escola;52;633921.59;12190.799807692307;12190.799807692307
CEI 66 — Frat Fem Cruz;Escola;51;395573.39;7756.340980392157;7756.340980392157
SAMU — Motoristas;Setor;51;369562.52;7246.323921568628;7246.323921568628
CEI 84 — Osmar Almeida;Escola;51;402310.63;7888.443725490196;7888.443725490196
CEI 88 — Vera Ap G. Sant;Escola;51;391399.14;7674.492941176471;7674.492941176471
D. Manut de Prop E. Ip;Setor;50;359302.15;7186.043000000001;7186.043000000001
CEI 92 — Dolores Fagund;Escola;50;319254.65;6385.093000000001;6385.093000000001
EM Lea Edy Al Saliba;Escola;50;524603.18;10492.063600000001;10492.063600000001
CEI 48 — Frei A Kloeckn;Escola;50;404664.45;8093.289000000001;8093.289000000001
CEI 75 — J. Alcir G. Rib;Escola;50;299626.64;5992.5328;5992.5328
CEI 85 — Maria R. A God;Escola;49;345761.16;7056.350204081632;7056.350204081632
CEI 79 — Joao Tortello;Escola;49;280634.04;5727.225306122448;5727.225306122448
Policlínica — Administrativo Especializado;Setor;49;365885.98;7467.060816326531;7467.060816326531
CEI 95 — Angela M. Vieira;Escola;49;324413.04;6620.674285714285;6620.674285714285
CEI 96 — Pr Adelaide P.;Escola;49;276383.67;5640.48306122449;5640.48306122449
CEI 60 — Anna Rusconi;Escola;49;386742.13;7892.696530612245;7892.696530612245
EM M. Lourd A Morais;Escola;48;490824.72;10225.515;10225.515
UBS Brigadeiro Tobias;UBS;48;502195.91;10462.414791666666;10462.414791666666
CEI 93 — M. Teresa Calc;Escola;48;358579.17;7470.399375;7470.399375
CEI 35 — Maria O V. Brun;Escola;48;344420.63;7175.4297916666665;7175.4297916666665
EM M. Lourd M. Martinez;Escola;48;476781.19;9932.941458333333;9932.941458333333
Acamados Med Familia;Setor;47;624332.14;13283.662553191489;13283.662553191489
Divisão de Vigilância Epidemiológica;Setor;47;658089.51;14001.904468085106;14001.904468085106
EM Jose C. Florenz;Escola;47;470811.24;10017.260425531915;10017.260425531915
EM Milton Santos;Escola;47;576160.0;12258.72340425532;12258.72340425532
CEI 62 — Mons Ant Sola;Escola;47;356191.77;7578.548297872341;7578.548297872341
CMAE;CMAE;47;669344.36;14241.369361702127;14241.369361702127
D. Licenc E. Controle;Setor;47;485043.44;10320.073191489362;10320.073191489362
CEI 87 — Cassio Rosa;Escola;47;280328.49;5964.435957446808;5964.435957446808
CEI 105 — Dra. Maura Robe;Escola;47;306545.98;6522.254893617021;6522.254893617021
CEI 68 — Gladys M. T. Ama;Escola;46;338686.72;7362.754782608695;7362.754782608695
EM Getulio Vargas;Escola;46;627863.79;13649.212826086958;13649.212826086958
UBS Sao Guilherme;UBS;46;445171.79000000004;9677.647608695654;9677.647608695654
CEI 27 — Christina Reis;Escola;46;306304.95;6658.803260869566;6658.803260869566
EM Maria Ignez F. Deluno;Escola;46;520825.71;11322.298043478262;11322.298043478262
EM Ronaldo C. de Arruda;Escola;46;475927.13;10346.241956521739;10346.241956521739
CEI 67 — Maria G. P. Nard;Escola;45;313792.93;6973.176222222222;6973.176222222222
UBS Barao;UBS;45;433156.86;9625.708;9625.708
UBS Eden;UBS;45;415465.92;9232.576;9232.576
CEI 97 — Maria Dorelli;Escola;45;312674.5;6948.322222222222;6948.322222222222
UBS Fiore;UBS;45;501171.67;11137.148222222222;11137.148222222222
CEI 98 — Olinda L. Marth;Escola;44;308532.13;7012.0938636363635;7012.0938636363635
CEI 81 — Edith Del Sant;Escola;44;268920.03;6111.818863636364;6111.818863636364
EM Leda T. Borghesi;Escola;44;465448.07;10578.365227272727;10578.365227272727
CEI 76 — Menino Jesus;Escola;44;313047.85;7114.723863636363;7114.723863636363
CEI 58 — Dulce P. O Pinh;Escola;44;294295.47;6688.533409090908;6688.533409090908
UBS Sorocaba;UBS;44;498727.67;11334.719772727272;11334.719772727272
EM Ana Cecilia F. Prd;Escola;44;341586.27;7763.324318181819;7763.324318181819
UBS Laranjeiras;UBS;44;411231.11;9346.16159090909;9346.16159090909
EM Luiz Almeida Marins;Escola;43;558746.42;12994.102790697676;12994.102790697676
EM Maria Domingas;Escola;43;554828.46;12902.987441860465;12902.987441860465
EM Flavio S. Nogueira;Escola;43;499055.83;11605.94953488372;11605.94953488372
EM Irineu Leister;Escola;42;388288.73;9244.969761904762;9244.969761904762
CEI 104 — Pr J. Crespo G.;Escola;42;292437.22;6962.790952380952;6962.790952380952
SAMU — Telefonistas;Setor;42;196029.63999999998;4667.372380952381;4667.372380952381
D. Gestao de Tecn da Inf;Setor;42;438227.51;10433.988333333333;10433.988333333333
CAPS Ad III;CAPS;42;387684.54;9230.584285714285;9230.584285714285
Proc Tributaria;Setor;41;668773.52;16311.549268292683;16311.549268292683
D. Fisc Post Mob Imob;Setor;41;333553.85;8135.459756097561;8135.459756097561
UBS Lopes de Oliveira;UBS;41;342849.66000000003;8362.186829268294;8362.186829268294
UBS Paineiras;UBS;41;403467.88;9840.68;9840.68
UBS Cajuru;UBS;41;429205.43;10468.425121951219;10468.425121951219
EM Helio Rosa Baldy;Escola;41;411256.2;10030.639024390244;10030.639024390244
CEI 80 — Ana Rjmz Oliv;Escola;41;250446.45;6108.450000000001;6108.450000000001
CEI 103 — Jorge Moyses;Escola;41;310527.05;7573.8304878048775;7573.8304878048775
EM Matheus Maylasky;Escola;41;432924.02;10559.122439024391;10559.122439024391
CEI 74 — Maria C. Marins;Escola;41;292208.76;7127.042926829268;7127.042926829268
UBS Cerrado;UBS;40;452418.11;11310.45275;11310.45275
CEI 61 — Yolanda Rizzo;Escola;40;239374.35;5984.35875;5984.35875
CEI 69 — Ester B. C. Nasc;Escola;40;293871.72;7346.793;7346.793
CEI 63 — Rein D. Aless;Escola;40;293954.92;7348.873;7348.873
CEI 65 — Santo Agostinh;Escola;40;265121.23;6628.03075;6628.03075
UBS Mineirao;UBS;40;439193.92;10979.848;10979.848
EM Joao Franc Rosa;Escola;39;541464.63;13883.708461538461;13883.708461538461
UBS Haro;UBS;39;444814.97;11405.51205128205;11405.51205128205
UBS Hortencia;UBS;39;426061.01;10924.641282051281;10924.641282051281
EM Milton Leite Oliveir;Escola;39;459469.05;11781.257692307692;11781.257692307692
UBS Nova Esperanca;UBS;39;347880.07;8920.001794871796;8920.001794871796
CEI 64 — Joana Sim Sola;Escola;39;287695.74;7376.813846153846;7376.813846153846
UBS Habiteto;UBS;39;339895.3;8715.264102564102;8715.264102564102
CEI 77 — Olga Toledo Lr;Escola;38;296655.63;7806.727105263158;7806.727105263158
UBS Simus;UBS;38;413913.18;10892.452105263157;10892.452105263157
EM Julica Bierrenbach;Escola;38;503683.65;13254.832894736843;13254.832894736843
EM Leonor P. Thomaz;Escola;38;473294.92;12455.12947368421;12455.12947368421
EM Basilio C. Daemon;Escola;38;390042.18;10264.267894736842;10264.267894736842
Serh - D. Segur Saude Ocup;Setor;38;423557.65;11146.253947368421;11146.253947368421
Policlínica — Enfermagem;Setor;38;423572.46;11146.643684210527;11146.643684210527
EM Oswaldo Oliveira;Escola;37;380978.33;10296.711621621622;10296.711621621622
EM Quinzinho Barros;Escola;37;490112.0;13246.27027027027;13246.27027027027
CEI 33 — Elvira N. Mont;Escola;37;234062.58;6326.015675675675;6326.015675675675
Conselho Tutelar;Outros;36;303461.77999999997;8429.493888888888;8429.493888888888
EM Darlene Devasto;Escola;36;436074.98;12113.193888888889;12113.193888888889
CEI 110 — Maria Leopoldi;Escola;36;286283.74;7952.326111111111;7952.326111111111
UBS Nova Sorocaba;UBS;36;390070.04;10835.278888888888;10835.278888888888
UBS Maria do Carmo;UBS;35;359738.86;10278.253142857142;10278.253142857142
UBS Sabia;UBS;35;428975.14;12256.432571428571;12256.432571428571
CEI 86 — Jorge L. P. Del;Escola;35;241202.31;6891.494571428571;6891.494571428571
EM Amin Cassar;Escola;35;342721.07;9792.030571428571;9792.030571428571
UBS Caranda;UBS;35;324871.74;9282.049714285715;9282.049714285715
EM Zilah D. M. Scherep;Escola;35;358907.72000000003;10254.506285714286;10254.506285714286
UBS Maria Eugenia;UBS;34;309912.71;9115.079705882354;9115.079705882354
EM Jaci D. Matielli;Escola;34;439925.26;12938.978235294118;12938.978235294118
EM Paulo F. Tortello;Escola;34;330093.7;9708.638235294118;9708.638235294118
CEI 59 — Eugenio Leite;Escola;33;222687.14;6748.095151515152;6748.095151515152
CEI 07 — Franc M. P. Silv;Escola;33;317825.77;9631.08393939394;9631.08393939394
Estagios - Sgc Ti;Categoria;33;34717.68;1052.050909090909;1052.050909090909
CEI 54 — Sonia Ap Mach;Escola;33;250891.43;7602.770606060606;7602.770606060606
CEI 16 — Beatriz M. L. F.;Escola;33;230761.08;6992.759999999999;6992.759999999999
EM Antenor Monteiro de Almeida;Escola;33;355884.05;10784.36515151515;10784.36515151515
EM Ney de O Fogaca;Escola;33;404006.79;12242.63;12242.63
CEI 83 — Maria C. R. Sack;Escola;32;296278.56;9258.705;9258.705
EM Walter Carretero;Escola;32;285105.62;8909.550625;8909.550625
UBS Barcelona;UBS;32;349184.79;10912.0246875;10912.0246875
UBS Angelica;UBS;32;412386.93;12887.0915625;12887.0915625
CEI 112 — Izabel dos S.;Escola;32;227431.62;7107.238125;7107.238125
CEI 71 — Yolanda P. Ned;Escola;32;212141.02;6629.406875;6629.406875
CEI 14 — Eng C. Rein Men;Escola;31;386604.01;12471.097096774194;12471.097096774194
EM Genny Kalil Milego;Escola;31;325734.96;10507.57935483871;10507.57935483871
PA Laranj-medicos;PA;31;920834.0;29704.322580645163;29704.322580645163
Segov - Gabinete;Setor;31;629924.84;20320.156129032257;20320.156129032257
UBS Santana;UBS;31;419531.02;13533.25870967742;13533.25870967742
D. Fisc Tribut Mob;Setor;30;637047.8;21234.92666666667;21234.92666666667
EM Edemir A Digiampi;Escola;30;346938.5;11564.616666666667;11564.616666666667
SAMU — Médicos;Setor;30;816802.87;27226.762333333332;27226.762333333332
CEI 100 — Merc Urq Desi;Escola;29;184971.33000000002;6378.321724137932;6378.321724137932
UBS Escola;Escola;29;321143.62;11073.917931034483;11073.917931034483
CEI 08 — Messias R. N. C.;Escola;29;277304.5;9562.224137931034;9562.224137931034
CEI 28 — Raudineia Mach;Escola;29;328502.14;11327.66;11327.66
CEI 108 — Antonio B. M. F.;Escola;28;203460.16;7266.434285714286;7266.434285714286
D. Fisc Tribut Imob;Setor;28;424335.14;15154.826428571429;15154.826428571429
Secom - Gabinete;Setor;28;383123.56;13682.984285714285;13682.984285714285
D. Cadastro Tribut;Setor;28;328523.86;11732.994999999999;11732.994999999999
D. Licenc E. Fisc Ambiental;Setor;28;245169.09;8756.038928571428;8756.038928571428
EM Joao Bat Larizzatti Jr.;Escola;28;257622.08;9200.788571428571;9200.788571428571
CEI 101 — Leonilda C. Mal;Escola;28;192345.38;6869.477857142857;6869.477857142857
Policlínica — Odontologia;Setor;27;459021.25;17000.787037037036;17000.787037037036
D. Fisc Areas Publicas;Setor;27;276336.79;10234.695925925926;10234.695925925926
CEI 02 — Marina Grohma;Escola;27;240915.74;8922.805185185185;8922.805185185185
EM Josefina Z. Carv;Escola;27;318953.65;11813.098148148149;11813.098148148149
Lab Saude Publica;Outros;27;290845.99;10772.073703703703;10772.073703703703
Proc Contenciosos;Setor;27;487914.97;18070.924814814814;18070.924814814814
CEI 47 — Betty S. Oliv;Escola;26;225692.63999999998;8680.486153846154;8680.486153846154
Segov - D. Procon;Setor;26;280604.26;10792.47153846154;10792.47153846154
CEI 23 — Dolores Amaral;Escola;26;188008.78;7231.106923076923;7231.106923076923
Aposent-pens — Dap;Categoria;25;121278.43;4851.1372;4851.1372
Superv Ensino;Outros;25;566940.91;22677.636400000003;22677.636400000003
Estagios - Sesu;Categoria;25;26813.6;1072.5439999999999;1072.5439999999999
CEI 70 — Adayl O Arruda;Escola;25;205368.74;8214.7496;8214.7496
D. Gerenciamento Viario;Setor;25;255172.0;10206.88;10206.88
Estagios - Seplan - Arquitetur;Categoria;24;24845.44;1035.2266666666667;1035.2266666666667
EM Benedito J. Nunes;Escola;24;249283.41999999998;10386.809166666666;10386.809166666666
EM Carmen Paulina Walter;Escola;23;252997.87;10999.907391304348;10999.907391304348
EM Edward Frufru M.;Escola;22;265847.85;12083.993181818181;12083.993181818181
CEI 45 — Diva F. Cordeir;Escola;22;271987.27999999997;12363.05818181818;12363.05818181818
Ouvidoria-geral;Outros;22;162115.38;7368.880909090909;7368.880909090909
D. Adm de Convenios;Setor;22;167224.01;7601.091363636364;7601.091363636364
D. Zoologico E. Bem-estar Animal;Setor;22;222700.3;10122.740909090908;10122.740909090908
CEI 114 — Fausto Ferreira Telles;Escola;21;277470.62;13212.886666666667;13212.886666666667
CEI 99 — Larissa F. Borge;Escola;21;244467.2;11641.29523809524;11641.29523809524
Sead - Smf-secao de Manutencao da Frota;Outros;21;184178.86000000002;8770.421904761906;8770.421904761906
EM Rev. Augusto da Silva Dourado;Escola;21;263570.81;12550.990952380953;12550.990952380953
D. Educ Especial;Setor;21;269305.3;12824.061904761904;12824.061904761904
Serh - D. Cadastro Funcional;Setor;21;166181.4;7913.4;7913.4
PA Sorocaba I.-enfermagem;PA;21;278521.07;13262.908095238095;13262.908095238095
D. Gestao Ctle Convenios;Setor;20;155122.35;7756.1175;7756.1175
D. Adm Atencao A Saude;Setor;19;384182.48;20220.13052631579;20220.13052631579
Segov - Assessores;Outros;19;292590.41000000003;15399.495263157896;15399.495263157896
D. Ap Tec Pedagogico;Setor;19;313743.76;16512.82947368421;16512.82947368421
Serh - D. Adm Pagamentos;Setor;19;218618.23;11506.222631578948;11506.222631578948
Semepp - D. Pol Prog E. Acoes de Apoio;Setor;19;157814.79;8306.041578947368;8306.041578947368
D. Obras Manut Esc E. Apoio Log;Setor;19;148565.69;7819.246842105264;7819.246842105264
EM Wanderlei Acca Prof;Escola;19;289982.7;15262.247368421053;15262.247368421053
Estagios - Secult;Categoria;19;20611.2;1084.8;1084.8
CEI 57 — Eng Joao Saler;Escola;19;239263.50999999998;12592.816315789472;12592.816315789472
EM Jose Mendes;Escola;19;209566.14;11029.796842105265;11029.796842105265
D. Gestao do Suas;Setor;18;138628.37;7701.576111111111;7701.576111111111
D. Politicas Pessoas Situacao Rua;Setor;18;188254.52000000002;10458.584444444445;10458.584444444445
D. Adm E. Gestao;Setor;18;220044.93;12224.718333333332;12224.718333333332
D. Adm E. Serv Internos;Setor;18;117641.26000000001;6535.625555555556;6535.625555555556
EM Renata Cabrerisso da Costa;Escola;18;192550.44;10697.246666666666;10697.246666666666
PA Sao Bento - Enfermagem;PA;18;172019.71;9556.650555555556;9556.650555555556
CEI 41 — Antonio Fratti;Escola;17;238506.29;14029.781764705884;14029.781764705884
Sead - D. Licitacoes;Setor;17;195403.13;11494.301764705882;11494.301764705882
CEI 148 — Comend Alfredo Metidieri;Escola;17;217153.49;12773.734705882353;12773.734705882353
D. Infraestrutura;Setor;16;180538.74;11283.67125;11283.67125
CEI 22 — Victor Pedroso;Escola;16;231991.8;14499.4875;14499.4875
EM Ernesto Martins;Escola;16;274052.16000000003;17128.260000000002;17128.260000000002
Estagios - Ses Gabinete;Categoria;16;17007.28;1062.955;1062.955
PA Laranj-adm-rec;PA;16;85921.62;5370.10125;5370.10125
EM Jose Osorio C. M. Alme;Escola;16;200639.38;12539.96125;12539.96125
D. Fiscalizacao;Setor;16;154430.37;9651.898125;9651.898125
Sead - D. Contratos de Licitacao;Setor;16;107853.08;6740.8175;6740.8175
Sead - D. Arq Pub Hist Mun;Setor;16;145911.07;9119.441875;9119.441875
EM Dirceu Ferr da Silva;Escola;15;142184.88;9478.992;9478.992
CEI 53 — Benjamin Grizz;Escola;15;223453.53999999998;14896.902666666665;14896.902666666665
D. Educ Basica;Setor;15;160437.82;10695.854666666668;10695.854666666668
CEI 05 — Antonio Amabil;Escola;15;234377.59;15625.172666666667;15625.172666666667
D. Mat Med Hosp Farm;Setor;15;135870.01;9058.000666666667;9058.000666666667
Sead - D. Adm Materiais;Setor;15;146569.62;9771.307999999999;9771.307999999999
CEI 03 — Zizi Almeida;Escola;15;153831.09;10255.405999999999;10255.405999999999
CEI 10 — Eglantina Rocco;Escola;14;168011.25;12000.80357142857;12000.80357142857
Serh - D. Desenv Pessoas;Setor;14;128131.11;9152.222142857143;9152.222142857143
Sert - Pat;Outros;14;99090.83;7077.916428571429;7077.916428571429
CEI 20 — Victoria S. Lar;Escola;14;205130.58000000002;14652.184285714287;14652.184285714287
D. Geopr E. Geotec Aplic.;Setor;13;173003.32;13307.947692307693;13307.947692307693
Educacao EM Saude;Escola;13;212915.3;16378.099999999999;16378.099999999999
Estagios - Segov-procon;Categoria;13;13225.199999999999;1017.3230769230769;1017.3230769230769
EM Tadeusz Josefczyh;Escola;13;172173.82;13244.140000000001;13244.140000000001
D. Manutencao E. Paisag;Setor;13;113177.32;8705.947692307693;8705.947692307693
CEI 09 — Fernando Rios;Escola;13;178020.03;13693.848461538462;13693.848461538462
Sehab - Gabinete;Setor;13;193379.82;14875.370769230769;14875.370769230769
Sequav - Gabinete;Setor;13;193376.31;14875.100769230768;14875.100769230768
CEI 13 — Aluisio Almeid;Escola;13;217531.37;16733.182307692306;16733.182307692306
Semul - Gabinete;Setor;13;207958.12;15996.77846153846;15996.77846153846
Separ - Uep;Outros;12;142794.96;11899.58;11899.58
PA Sao Guil-enfermagem;PA;12;165339.84;13778.32;13778.32
D. Adm Financeira;Setor;12;132542.9;11045.241666666667;11045.241666666667
PA Sorocaba I.-medicos;PA;12;385928.33;32160.694166666668;32160.694166666668
CEI 31 — Victoria H. Say;Escola;12;186564.98;15547.081666666667;15547.081666666667
D. Exec Orcamentaria;Setor;12;171418.89;14284.907500000001;14284.907500000001
CEI 36 — Dr. Abney Carn;Escola;12;153255.06;12771.255;12771.255
D. Limpeza Urbana;Setor;12;171980.91999999998;14331.743333333332;14331.743333333332
CEI 52 — Olga C. Fornaz;Escola;12;181791.37;15149.280833333332;15149.280833333332
Defesa Civil;Setor;12;167131.56;13927.63;13927.63
Estagios - Semob;Categoria;12;10882.32;906.86;906.86
Estagios - Ses Zoonoses;Categoria;12;12312.08;1026.0066666666667;1026.0066666666667
Sequav - D. Esp Alto Rend Soc;Setor;12;131251.57;10937.630833333335;10937.630833333335
Separ - D. de Proj de Arq E. Eng;Setor;12;158766.06;13230.505;13230.505
D. Casas do Cidadao Zel;Setor;12;125002.76;10416.896666666666;10416.896666666666
Cerest;Outros;12;193986.66;16165.555;16165.555
Estagios - Serh;Categoria;11;10957.039999999999;996.0945454545454;996.0945454545454
PA Habiteto - Enfermagem;PA;11;193390.04;17580.912727272727;17580.912727272727
PA Caranda - Enfermagem;PA;11;157229.92;14293.629090909091;14293.629090909091
PA Aparecidinha - Enfermagem;PA;11;163060.21;14823.655454545455;14823.655454545455
Pq Zoologico;Outros;11;157223.21;14293.01909090909;14293.01909090909
Serh - Cartorio 356;Outros;11;90093.61;8190.328181818182;8190.328181818182
CEI 11 — Tercila Freire;Escola;11;172101.02;15645.547272727272;15645.547272727272
Sehab - D. Regul Fund Cad;Setor;11;103284.4;9389.490909090908;9389.490909090908
Segov - Cto Mun Prev Concil Conf;Outros;11;178360.66999999998;16214.606363636361;16214.606363636361
PA Brig Tob-enfermagem;PA;11;181193.65;16472.149999999998;16472.149999999998
Estagios - Separ;Categoria;11;11114.8;1010.4363636363636;1010.4363636363636
CEI 51 — Rubens Vieira;Escola;11;166978.98;15179.907272727274;15179.907272727274
CEI 30 — Maria P. Belloti;Escola;11;155926.13999999998;14175.103636363636;14175.103636363636
D. Parcel E. Uso do Solo;Setor;11;120489.65;10953.604545454546;10953.604545454546
CEI 50 — Alipio G. Cunha;Escola;11;143981.16;13089.196363636363;13089.196363636363
D. Patrim Cult Hist;Setor;11;116602.23000000001;10600.202727272728;10600.202727272728
SAMU — Administrativo;Setor;10;52385.34;5238.534;5238.534
CEI 17 — Issa Latuf;Escola;10;140901.69;14090.169;14090.169
Sead - D. de Compras Diretas;Setor;10;96041.05;9604.105;9604.105
Cemit Saudade;Outros;10;55891.82;5589.182;5589.182
Corregedoria-geral;Outros;10;207172.38999999998;20717.238999999998;20717.238999999998
Estagios - Sej Dpu;Categoria;10;9073.76;907.376;907.376
Estagios - Sequav;Categoria;10;10873.76;1087.376;1087.376
CEI 25 — Jorge F. Schere;Escola;10;147770.3;14777.029999999999;14777.029999999999
CEI 39 — Sha Ar Hanegev;Escola;10;171422.91;17142.291;17142.291
Estagios - Sej;Categoria;9;10691.119999999999;1187.902222222222;1187.902222222222
CEI 40 — Duzolina Pagl;Escola;9;141054.66999999998;15672.741111111109;15672.741111111109
Serh - Cartorio 271;Outros;9;92099.12;10233.235555555555;10233.235555555555
Serh - Cartorio 343;Outros;9;79576.74;8841.86;8841.86
D. Contabilidade;Setor;9;115456.1;12828.455555555556;12828.455555555556
Proc Administrativa;Setor;9;322623.96;35847.10666666667;35847.10666666667
Sead - D. Servicos Compartilhados;Setor;9;161931.13999999998;17992.348888888886;17992.348888888886
D. Alim Escolar;Setor;9;85028.85;9447.650000000001;9447.650000000001
Auditoria-geral;Outros;9;203584.67;22620.51888888889;22620.51888888889
CEI 111 — Ivan Gerbovic;Escola;9;102909.2;11434.355555555556;11434.355555555556
Cpe - Gabinete do Poder Executivo;Setor;9;141257.65;15695.294444444444;15695.294444444444
CEI 91 — Celia Cang Mend;Escola;9;76934.4;8548.266666666666;8548.266666666666
Coordenadorias;Outros;9;160510.77;17834.53;17834.53
CEI 18 — Miguel Cheda;Escola;9;137295.79;15255.087777777779;15255.087777777779
CEI 21 — Aureliano Rodr;Escola;9;116218.32;12913.146666666667;12913.146666666667
CEI 38 — Maria G. Vecina;Escola;9;164540.13;18282.236666666668;18282.236666666668
Sead - D. Apoio Adm E. Operacional;Setor;9;87058.2;9673.133333333333;9673.133333333333
Serh - D. Plan Contr Sedu;Setor;9;82564.9;9173.877777777778;9173.877777777778
D.adm Orcamentaria;Outros;8;59095.66;7386.9575;7386.9575
D. Fiscal Obras Publicas;Setor;8;135603.64;16950.455;16950.455
Sequav - D. Gest Adm Op Tec;Setor;8;78568.09;9821.01125;9821.01125
Serh - Cartorio 137;Outros;8;47402.68;5925.335;5925.335
Serh - Cartorio 342;Outros;8;81457.71;10182.21375;10182.21375
Sintea - D. Incl E. Ass A Pessoa Com Tea;Setor;8;80064.65;10008.08125;10008.08125
D. Gestao Ambiental;Setor;8;72680.96;9085.12;9085.12
Estagios- Sead DIV Arq Pub Mun;Categoria;8;8678.4;1084.8;1084.8
Proc Ctle Externo;Setor;8;76068.45;9508.55625;9508.55625
Separ - D. Cap Conv E. Financ;Setor;8;112335.05;14041.88125;14041.88125
Seg Patrimonial;Outros;8;59741.39;7467.67375;7467.67375
Sequav - Ce Pitico;Outros;8;64427.98;8053.4975;8053.4975
Serh - Gabinete;Setor;8;120841.23000000001;15105.153750000001;15105.153750000001
Sead - Gabinete;Setor;8;209451.13;26181.39125;26181.39125
D. Admin E. Orcamento;Setor;8;89160.18;11145.0225;11145.0225
D. Gerenc Adm E. Atos Ofic Ses;Setor;7;192126.91999999998;27446.702857142856;27446.702857142856
Estagios - Ses Policlinica;Categoria;7;7121.12;1017.3028571428571;1017.3028571428571
Estagios - Secid;Categoria;7;4080.72;582.9599999999999;582.9599999999999
Coord-geral Trat Dados Pessoais do Municipio;Outros;7;117676.22;16810.88857142857;16810.88857142857
CEI 15 — Terezinha L. F.;Escola;7;92453.0;13207.57142857143;13207.57142857143
Setur - D. Fomento Ao Turismo;Setor;7;71945.59;10277.941428571428;10277.941428571428
Central de Abast Farmaceutico;Outros;7;59749.92;8535.702857142856;8535.702857142856
Serh - D. Adm Rh Ses;Setor;7;57571.28;8224.468571428572;8224.468571428572
Sequav - Ce Simus;Outros;7;77316.48000000001;11045.21142857143;11045.21142857143
Estagios - Sead;Categoria;7;6529.44;932.7771428571428;932.7771428571428
Sert - Gabinete;Setor;7;99483.26000000001;14211.894285714287;14211.894285714287
Sequav - Ce Maria Eugenia;Outros;7;85435.45;12205.064285714285;12205.064285714285
Semepp - Gabinete;Setor;7;91009.68;13001.382857142857;13001.382857142857
Serim - Gabinete;Setor;7;168777.99000000002;24111.14142857143;24111.14142857143
Serh - Sindicato;Outros;7;107274.89;15324.984285714285;15324.984285714285
Sede - Gabinete;Setor;7;122642.67;17520.38142857143;17520.38142857143
Sehab - D. Plan Vazios Urb Equip Sociais;Setor;7;69874.04;9982.005714285713;9982.005714285713
Separ - D. de Conc. E. Parcerias;Setor;7;84454.4;12064.914285714285;12064.914285714285
Proc Geral;Setor;7;325185.99;46455.14142857143;46455.14142857143
CEI 26 — Luiz Sanctis;Escola;7;122784.26999999999;17540.609999999997;17540.609999999997
CEI 43 — Vera L. Maldon;Escola;7;127011.26999999999;18144.467142857142;18144.467142857142
D. Parcerias E. Plan;Setor;7;54036.54;7719.505714285714;7719.505714285714
CEI 44 — Luiz Ribeiro;Escola;7;113165.78;16166.539999999999;16166.539999999999
D. Educ Amb E. Interacao Social;Setor;7;99383.18;14197.597142857141;14197.597142857141
Bibl Municipal;Outros;6;44572.53;7428.755;7428.755
Setur - Gabinete;Setor;6;104215.03;17369.171666666665;17369.171666666665
Serh - Cartorio 294;Outros;6;38325.32;6387.553333333333;6387.553333333333
D. Adm Financas;Setor;6;88002.7;14667.116666666667;14667.116666666667
Separ - Gabinete;Setor;6;76727.91;12787.985;12787.985
D. Apoio Oper E. Contratos;Setor;6;52306.229999999996;8717.705;8717.705
D. Compras E. Contratos;Setor;6;38893.45;6482.241666666666;6482.241666666666
Centr Regul Leitos;Outros;6;103055.89;17175.981666666667;17175.981666666667
D. Prest Ctas Conv;Setor;6;93672.9;15612.15;15612.15
Estagios - Segov - Concilia;Categoria;6;5207.04;867.84;867.84
Centr Regul Leitos-medic;Outros;5;105288.29;21057.658;21057.658
Sequav - Ce Brig Tobias;Outros;5;41474.48;8294.896;8294.896
Segov - D. Expediente;Setor;5;78315.31;15663.062;15663.062
Coord Saude Mental;Outros;5;78270.87;15654.173999999999;15654.173999999999
Base Apoio Regional;Outros;5;114047.15;22809.43;22809.43
Sequav - Estadio Municipal;Outros;5;53844.17999999999;10768.836;10768.836
PA Brig Tob-medicos;PA;5;131109.57;26221.914;26221.914
PA Aparecidinha - Medicos;PA;5;136637.43;27327.485999999997;27327.485999999997
Sintea - Gabinete;Setor;5;62976.06;12595.212;12595.212
D. Planej Cultural;Setor;5;34370.92;6874.183999999999;6874.183999999999
D. Orcamento da Ses;Setor;5;58547.81;11709.562;11709.562
Estagios - Ouvidoria;Categoria;5;5064.0;1012.8;1012.8
Estagios - Secom;Categoria;5;5393.2;1078.6399999999999;1078.6399999999999
D. Vig Socioassist;Setor;5;71019.69;14203.938;14203.938
Fss;Outros;5;47932.8;9586.560000000001;9586.560000000001
Bibl Infantil;Outros;5;30854.690000000002;6170.938;6170.938
Auditoria;Outros;5;84247.62000000001;16849.524;16849.524
PA Sorocaba I.-adm-rec;PA;5;63179.46;12635.892;12635.892
PA Sao Guil-medicos;PA;5;114882.44;22976.488;22976.488
Estagios - Pq Zoologico-sema;Categoria;4;2820.48;705.12;705.12
Estagios - Sema - D. Educ Amb;Categoria;4;4339.2;1084.8;1084.8
Estagios - Semul;Categoria;4;1930.24;482.56;482.56
PA Sao Bento - Adm-rec;PA;4;24786.1;6196.525;6196.525
Teatro Mun Tv;Outros;4;40070.6;10017.65;10017.65
Sead - D. Editais E. Minutas de Licitacao;Setor;4;36670.64;9167.66;9167.66
Sequav - Ce Gabriel;Outros;4;30027.15;7506.7875;7506.7875
Sede - D. Desenv. Empresarial;Setor;4;44343.25;11085.8125;11085.8125
Sede - Metarreciclagem;Outros;4;42200.799999999996;10550.199999999999;10550.199999999999
Policlínica — Ônibus Azul;Setor;4;54127.61;13531.9025;13531.9025
D. Apoio Adm E. Sup Operacoes;Setor;4;34236.509999999995;8559.127499999999;8559.127499999999
Sert - Univesp;Outros;4;59983.009999999995;14995.752499999999;14995.752499999999
Junta Serv Militar;Outros;4;35078.57;8769.6425;8769.6425
Estagios - Semepp;Categoria;4;4754.4;1188.6;1188.6
Sequav - Ciel Aloisio Almeida;Outros;4;22945.61;5736.4025;5736.4025
Cemit Consolacao;Outros;3;17941.760000000002;5980.586666666667;5980.586666666667
Sequav - Ginasio Esporte;Outros;3;15395.899999999998;5131.966666666666;5131.966666666666
Sert - Uniten;Outros;3;31064.08;10354.693333333335;10354.693333333335
Pq Chico Mendes;Outros;3;29842.309999999998;9947.436666666666;9947.436666666666
D. Apoio Ao SAMU;Setor;3;42406.09;14135.363333333333;14135.363333333333
Cemit Sto Antonio;Outros;3;12458.8;4152.933333333333;4152.933333333333
Jd Botanico;Outros;3;73430.62999999999;24476.876666666663;24476.876666666663
PA Caranda - Medicos;PA;3;89309.77;29769.923333333336;29769.923333333336
D. Rede de Atencao A Saude;Setor;3;25765.05;8588.35;8588.35
D. Plan E. Apoio A Progr E. Proj;Setor;3;40681.33;13560.443333333335;13560.443333333335
D. Proc de Multas;Setor;3;29161.03;9720.343333333332;9720.343333333332
D. Op Esp Intelig;Setor;3;36666.93;12222.31;12222.31
Estagios - Corregedoria;Categoria;3;3254.3999999999996;1084.8;1084.8
Sequav - D. Compet Esportivas;Setor;3;32303.96;10767.986666666666;10767.986666666666
Sehab - D. Plan Des Socio Hab;Setor;3;30572.71;10190.903333333334;10190.903333333334
Museu Hist Soroc;Outros;3;12364.470000000001;4121.490000000001;4121.490000000001
PA Aparecidinha - Adm;PA;3;14924.92;4974.973333333333;4974.973333333333
Estagios - Ses DIV Vig Epidem;Categoria;3;2894.3999999999996;964.7999999999998;964.7999999999998
Estagios - Sedetur - Casa Tur;Categoria;3;3074.3999999999996;1024.8;1024.8
Estagios - Sema - D. LIC Ctl Amb;Categoria;3;3229.76;1076.5866666666668;1076.5866666666668
Tiro de Guerra;Outros;2;11224.55;5612.275;5612.275
Estagios - Sede - Uniten;Categoria;2;2169.6;1084.8;1084.8
PA Sao Guil-adm-rec;PA;2;13884.59;6942.295;6942.295
Funserv;Outros;2;49200.6;24600.3;24600.3
Estagios - Ses DIV Aval Contr;Categoria;2;2169.6;1084.8;1084.8
Estagios - Metareciclagem;Categoria;2;2169.6;1084.8;1084.8
Estagios - Pq Biquinha-sema;Categoria;2;3080.3199999999997;1540.1599999999999;1540.1599999999999
Estagios - Sema;Categoria;2;940.16;470.08;470.08
Estagios - Sede Gabinete;Categoria;2;2169.6;1084.8;1084.8
PA Caranda - Adm-rec;PA;2;11142.3;5571.15;5571.15
PA Habiteto - Adm;PA;2;22448.5;11224.25;11224.25
Casa dos Conselhos;Outros;2;34243.520000000004;17121.760000000002;17121.760000000002
CEU das Artes;Outros;2;15622.82;7811.41;7811.41
Cemit Aparecidinha;Outros;2;12424.380000000001;6212.1900000000005;6212.1900000000005
Policlínica — Ônibus Rosa;Setor;2;19230.41;9615.205;9615.205
Sequav - Arena Multiuso;Outros;2;12759.55;6379.775;6379.775
Sequav - Ginasio Nilton Torres;Outros;2;20623.16;10311.58;10311.58
PA Brig Tob-adm-rec;PA;2;9848.119999999999;4924.0599999999995;4924.0599999999995
Serh - Ministerio do Trabalho;Outros;2;23591.489999999998;11795.744999999999;11795.744999999999
Pq Agua Vermelha;Outros;2;25223.63;12611.815;12611.815
Pq Espanhois;Outros;2;15775.49;7887.745;7887.745
Pq Biquinha;Outros;2;10300.57;5150.285;5150.285
Segov - D. Gestao Acoes Govern;Setor;2;28563.2;14281.6;14281.6
Sequav - Ce Pinheiros;Outros;2;18144.54;9072.27;9072.27
Estagios - Sefaz - Secretaria;Categoria;1;937.76;937.76;937.76
Estagios - Pq Agua Verm-sema;Categoria;1;1084.8;1084.8;1084.8
Estagios - Setur;Categoria;1;1084.8;1084.8;1084.8
Museu Estr Ferro;Outros;1;9544.84;9544.84;9544.84
Estagios - Sert;Categoria;1;1084.8;1084.8;1084.8
Estagios - Ses DIV Vig Sanit;Categoria;1;1084.8;1084.8;1084.8
Sequav - Ce CEU das Artes;Outros;1;21583.98;21583.98;21583.98
Parque Tecnologico;Outros;1;4680.5;4680.5;4680.5
Posto Recrut E. Mob Prm;Outros;1;11962.71;11962.71;11962.71
Segov - D. Adm E. Governo;Setor;1;15620.79;15620.79;15620.79
Segov - D. Gestao Proj de Governo;Setor;1;13433.73;13433.73;13433.73
Sequav - Almoxarifado;Outros;1;3618.27;3618.27;3618.27
Serh - Justica do Trabalho;Outros;1;7044.0;7044.0;7044.0
Serh - Camara Municipal;Outros;1;25221.62;25221.62;25221.62
Serh - Arq Publico de Sp;Outros;1;10851.13;10851.13;10851.13
Serh - Vara das Garantias;Outros;1;6223.47;6223.47;6223.47
Chefia do Poder Executivo;Outros;1;17617.8;17617.8;17617.8
Controladoria-geral;Outros;1;28569.44;28569.44;28569.44
Cejusc;Outros;1;4754.06;4754.06;4754.06
